Epoch,Phase,Recordcount,Readallfields,Requestdist,Operation,SSTsize,LOGsize,CPU,Memory,sst_files,total_sst_size,lsm_levels,pending_compactions,lsm_memory_usage,Readprop,Updateprop,Scanprop,Insertprop,Extendprop,Runtime(ms),Throughput(ops/sec),Operations,AverageLatency(us),MinLatency(us),MaxLatency(us),95thPercentileLatency(us),99thPercentileLatency(us),Return=OK,
1,extend,1000,true,uniform,EXTEND,1101420,72096,19.5,31.7,,,,,,0,0,0,0,1,38629,258.8728675347537,10000,3842.2423,2652,18783,4639,4987,10000

1,run,1000,true,uniform,READ,1101420,72096,19.5,31.7,,,,,,1,0,0,0,0,4161,24032.68445085316,100000,39.67584,25,8799,53,70,100000

1,reference,1000,true,uniform,READ,1101420,72096,19.5,31.7,,,,,,1,0,0,0,0,4038,24764.735017335315,100000,38.50208,25,7923,50,64,100000

1,clean-run,1000,true,uniform,READ,3124,91840,19.5,32.0,,,,,,1,0,0,0,0,4454,22451.7287831163,100000,42.71511,24,7591,55,78,100000

1,avg-run,1000,true,uniform,READ,3124,91840,19.5,32.0,,,,,,1,0,0,0,0,4442,22512.3818099955,100000,42.5954,26,8375,55,70,100000

2,extend,1000,true,uniform,EXTEND,3124,91840,19.5,32.0,,,,,,0,0,0,0,1,39123,255.60412033841985,10000,3892.1991,2510,13871,4655,4955,10000

2,run,1000,true,uniform,READ,3124,91840,19.5,32.0,,,,,,1,0,0,0,0,4627,21612.27577263886,100000,44.33962,27,8263,57,77,100000

2,reference,1000,true,uniform,READ,3124,91840,19.5,32.0,,,,,,1,0,0,0,0,4684,21349.27412467976,100000,45.03564,28,8655,57,73,100000

2,clean-run,1000,true,uniform,READ,6156,122312,19.6,32.0,,,,,,1,0,0,0,0,4355,22962.11251435132,100000,41.62101,27,7287,55,73,100000

2,avg-run,1000,true,uniform,READ,6156,122312,19.6,32.0,,,,,,1,0,0,0,0,4398,22737.60800363802,100000,42.15249,27,7999,56,75,100000

3,extend,1000,true,uniform,EXTEND,6156,122312,19.5,32.2,,,,,,0,0,0,0,1,39414,253.71695336682396,10000,3921.2897,2552,13327,4671,4951,10000

3,run,1000,true,uniform,READ,6156,122312,19.6,32.2,,,,,,1,0,0,0,0,4876,20508.613617719442,100000,46.92258,27,7511,60,79,100000

3,reference,1000,true,uniform,READ,6156,122312,19.6,32.2,,,,,,1,0,0,0,0,4270,23419.2037470726,100000,40.81736,27,7487,54,69,100000

3,clean-run,1000,true,uniform,READ,7144,164472,19.6,32.2,,,,,,1,0,0,0,0,4558,21939.447125932427,100000,43.73267,27,8583,57,76,100000

3,avg-run,1000,true,uniform,READ,7144,164472,19.6,32.3,,,,,,1,0,0,0,0,4845,20639.83488132095,100000,46.53908,28,7847,60,86,100000

4,extend,1000,true,uniform,EXTEND,7144,164472,19.6,32.5,,,,,,0,0,0,0,1,39584,252.62732417138238,10000,3938.5297,2522,13655,4679,4991,10000

4,run,1000,true,uniform,READ,7144,164472,19.6,32.5,,,,,,1,0,0,0,0,4826,20721.094073767094,100000,46.43141,27,8063,61,83,100000

4,reference,1000,true,uniform,READ,7144,164472,19.6,32.5,,,,,,1,0,0,0,0,4720,21186.4406779661,100000,45.3077,28,8279,58,76,100000

4,clean-run,1000,true,uniform,READ,8124,218452,19.6,32.5,,,,,,1,0,0,0,0,4746,21070.375052675936,100000,45.66582,28,7795,58,73,100000

4,avg-run,1000,true,uniform,READ,8124,218452,19.6,32.5,,,,,,1,0,0,0,0,4844,20644.09578860446,100000,46.55779,28,8367,59,73,100000

5,extend,1000,true,uniform,EXTEND,19064,281816,19.6,32.6,,,,,,0,0,0,0,1,40675,245.85125998770744,10000,4046.8227,1340,13815,4823,5135,10000

5,run,1000,true,uniform,READ,19064,281816,19.6,32.6,,,,,,1,0,0,0,0,4899,20412.329046744235,100000,47.11323,26,7667,60,76,100000

5,reference,1000,true,uniform,READ,19064,281816,19.6,32.6,,,,,,1,0,0,0,0,4283,23348.120476301658,100000,40.99674,27,7775,54,69,100000

5,clean-run,1000,true,uniform,READ,9064,281816,19.7,32.7,,,,,,1,0,0,0,0,4568,21891.418563922944,100000,43.87652,26,9135,57,72,100000

5,avg-run,1000,true,uniform,READ,9064,281816,19.7,32.7,,,,,,1,0,0,0,0,4219,23702.29912301493,100000,40.34717,26,8479,55,70,100000

6,extend,1000,true,uniform,EXTEND,21760,345176,19.6,32.8,,,,,,0,0,0,0,1,40005,249.9687539057618,10000,3980.2082,1502,12911,4763,5059,10000

6,run,1000,true,uniform,READ,21760,345176,19.6,32.8,,,,,,1,0,0,0,0,4690,21321.961620469083,100000,45.09317,26,7679,59,75,100000

6,reference,1000,true,uniform,READ,21760,345176,19.7,32.8,,,,,,1,0,0,0,0,4324,23126.734505087883,100000,41.292,27,8639,54,74,100000

6,clean-run,1000,true,uniform,READ,9848,345176,19.7,32.8,,,,,,1,0,0,0,0,4575,21857.92349726776,100000,43.74483,27,8991,58,74,100000

6,avg-run,1000,true,uniform,READ,9848,345176,19.7,32.8,,,,,,1,0,0,0,0,4753,21039.34357248054,100000,45.57798,27,8975,59,73,100000

7,extend,1000,true,uniform,EXTEND,24192,408540,19.7,32.8,,,,,,0,0,0,0,1,40523,246.77343730720824,10000,4031.2386,1770,16103,4827,5171,10000

7,run,1000,true,uniform,READ,24192,408540,19.7,32.8,,,,,,1,0,0,0,0,4674,21394.95079161318,100000,44.83455,27,8551,60,82,100000

7,reference,1000,true,uniform,READ,24192,408540,19.7,32.8,,,,,,1,0,0,0,0,4294,23288.30926874709,100000,41.03099,27,8071,53,67,100000

7,clean-run,1000,true,uniform,READ,10524,408540,19.7,32.8,,,,,,1,0,0,0,0,5025,19900.49751243781,100000,48.4367,27,8847,61,78,100000

7,avg-run,1000,true,uniform,READ,10524,408540,19.7,32.8,,,,,,1,0,0,0,0,4629,21602.93799956794,100000,44.44914,27,7503,59,76,100000

8,extend,1000,true,uniform,EXTEND,35168,535332,19.7,32.9,,,,,,0,0,0,0,1,39988,250.07502250675202,10000,3977.496,1086,16687,4767,5067,10000

8,run,1000,true,uniform,READ,35168,535332,19.7,32.9,,,,,,1,0,0,0,0,4663,21445.42140253056,100000,44.71888,27,8871,60,80,100000

8,reference,1000,true,uniform,READ,35168,535332,19.7,32.9,,,,,,1,0,0,0,0,4479,22326.412145568207,100000,42.91059,27,7743,55,85,100000

8,clean-run,1000,true,uniform,READ,11852,535332,19.7,32.9,,,,,,1,0,0,0,0,4737,21110.407430863415,100000,45.45248,28,8471,59,77,100000

8,avg-run,1000,true,uniform,READ,11852,535332,19.7,32.9,,,,,,1,0,0,0,0,4672,21404.109589041094,100000,44.89967,28,7719,60,94,100000

9,extend,1000,true,uniform,EXTEND,39744,662152,19.7,32.9,,,,,,0,0,0,0,1,39515,253.06845501708213,10000,3931.5373,1104,16991,4739,5039,10000

9,run,1000,true,uniform,READ,39744,662152,19.7,32.9,,,,,,1,0,0,0,0,5150,19417.47572815534,100000,49.66207,27,8415,64,107,100000

9,reference,1000,true,uniform,READ,39744,662152,19.7,32.9,,,,,,1,0,0,0,0,4266,23441.16268166901,100000,40.86288,26,7507,54,68,100000

9,clean-run,1000,true,uniform,READ,12992,662152,19.8,32.9,,,,,,1,0,0,0,0,4658,21468.441391155004,100000,44.64725,27,8919,60,75,100000

9,avg-run,1000,true,uniform,READ,12992,662152,19.8,32.9,,,,,,1,0,0,0,0,5035,19860.973187686195,100000,48.53341,28,8639,62,77,100000

10,extend,1000,true,uniform,EXTEND,33020,725516,19.7,32.9,,,,,,0,0,0,0,1,40449,247.22490049197756,10000,4026.1222,1303,16343,4879,5191,10000

10,run,1000,true,uniform,READ,33020,725516,19.8,32.9,,,,,,1,0,0,0,0,5224,19142.41960183767,100000,50.38279,28,7307,63,84,100000

10,reference,1000,true,uniform,READ,33020,725516,19.8,32.9,,,,,,1,0,0,0,0,4449,22476.961114857273,100000,42.6058,27,8943,55,72,100000

10,clean-run,1000,true,uniform,READ,25212,789392,19.8,32.9,,,,,,1,0,0,0,0,4730,21141.649048625794,100000,45.44025,27,8783,62,86,100000

10,avg-run,1000,true,uniform,READ,25212,789392,19.8,32.9,,,,,,1,0,0,0,0,5036,19857.029388403495,100000,48.49993,28,8743,62,90,100000

11,extend,1000,true,uniform,EXTEND,58736,916228,19.8,32.7,,,,,,0,0,0,0,1,41323,241.99598286668441,10000,4112.46,1198,16463,4903,5239,10000

11,run,1000,true,uniform,READ,58736,916228,19.8,32.7,,,,,,1,0,0,0,0,5130,19493.17738791423,100000,49.45838,28,8903,65,89,100000

11,reference,1000,true,uniform,READ,58736,916228,19.8,32.7,,,,,,1,0,0,0,0,4442,22512.3818099955,100000,42.45512,28,8703,55,78,100000

11,clean-run,1000,true,uniform,READ,14896,916228,19.8,32.7,,,,,,1,0,0,0,0,4860,20576.1316872428,100000,46.73674,28,9111,62,85,100000

11,avg-run,1000,true,uniform,READ,14896,916228,19.8,32.7,,,,,,1,0,0,0,0,5160,19379.84496124031,100000,49.72947,28,8179,64,85,100000

12,extend,1000,true,uniform,EXTEND,50892,1043048,19.8,32.7,,,,,,0,0,0,0,1,40805,245.06800637176818,10000,4060.5918,1084,14959,4883,5175,10000

12,run,1000,true,uniform,READ,50892,1043048,19.8,32.7,,,,,,1,0,0,0,0,5325,18779.342723004695,100000,51.33419,28,8479,64,82,100000

12,reference,1000,true,uniform,READ,50892,1043048,19.8,32.7,,,,,,1,0,0,0,0,4341,23036.1667818475,100000,41.48948,27,8003,54,70,100000

12,clean-run,1000,true,uniform,READ,15720,1043048,19.8,32.7,,,,,,1,0,0,0,0,4735,21119.324181626187,100000,45.48943,28,7691,61,88,100000

12,avg-run,1000,true,uniform,READ,15720,1043048,19.9,32.7,,,,,,1,0,0,0,0,4923,20312.817387771684,100000,47.38949,28,9247,63,83,100000

13,extend,1000,true,uniform,EXTEND,53920,1169880,19.8,32.7,,,,,,0,0,0,0,1,40827,244.93594924927132,10000,4062.8836,1388,31231,4883,5151,10000

13,run,1000,true,uniform,READ,53920,1169880,19.8,32.7,,,,,,1,0,0,0,0,5439,18385.732671446956,100000,52.54815,28,7643,66,93,100000

13,reference,1000,true,uniform,READ,53920,1169880,19.9,32.7,,,,,,1,0,0,0,0,4504,22202.486678507994,100000,43.13801,27,15135,53,70,100000

13,clean-run,1000,true,uniform,READ,32080,1233444,19.9,32.7,,,,,,1,0,0,0,0,4573,21867.483052700634,100000,43.80276,28,9095,63,103,100000

13,avg-run,1000,true,uniform,READ,32080,1233444,19.9,32.7,,,,,,1,0,0,0,0,5237,19094.901661256445,100000,50.58094,29,7503,65,87,100000

14,extend,1000,true,uniform,EXTEND,73264,1360236,19.8,32.7,,,,,,0,0,0,0,1,40685,245.79083200196632,10000,4048.0451,1306,21807,4875,5179,10000

14,run,1000,true,uniform,READ,73264,1360236,19.9,32.7,,,,,,1,0,0,0,0,5007,19972.039145196726,100000,48.22138,29,7735,66,84,100000

14,reference,1000,true,uniform,READ,73264,1360236,19.9,32.7,,,,,,1,0,0,0,0,4549,21982.853374367995,100000,43.61069,27,8147,56,78,100000

14,clean-run,1000,true,uniform,READ,17612,1360236,19.9,32.7,,,,,,1,0,0,0,0,5037,19853.08715505261,100000,48.53232,29,9335,65,82,100000

14,avg-run,1000,true,uniform,READ,37948,1423616,19.9,32.7,,,,,,1,0,0,0,0,5450,18348.623853211007,100000,52.63751,29,9151,68,90,100000

15,extend,1000,true,uniform,EXTEND,76512,1550520,19.9,32.6,,,,,,0,0,0,0,1,40873,244.66028918846183,10000,4066.0385,1338,17151,4851,5159,10000

15,run,1000,true,uniform,READ,76512,1550520,19.9,32.6,,,,,,1,0,0,0,0,5037,19853.08715505261,100000,48.44594,29,8559,65,81,100000

15,reference,1000,true,uniform,READ,76512,1550520,19.9,32.6,,,,,,1,0,0,0,0,4259,23479.690068091102,100000,40.72602,28,9007,54,69,100000

15,clean-run,1000,true,uniform,READ,18656,1550520,19.9,32.6,,,,,,1,0,0,0,0,5227,19131.43294432753,100000,50.47444,29,8303,65,79,100000

15,avg-run,1000,true,uniform,READ,45328,1613920,20.0,32.6,,,,,,1,0,0,0,0,5688,17580.87201125176,100000,54.97091,31,7671,68,85,100000

16,extend,1000,true,uniform,EXTEND,80464,1740800,19.9,32.6,,,,,,0,0,0,0,1,39929,250.44453905682587,10000,3973.3038,1076,17135,4743,5023,10000

16,run,1000,true,uniform,READ,80464,1740800,19.9,32.6,,,,,,1,0,0,0,0,5483,18238.19077147547,100000,52.89504,30,8615,67,83,100000

16,reference,1000,true,uniform,READ,80464,1740800,20.0,32.6,,,,,,1,0,0,0,0,4326,23116.042533518263,100000,41.38865,28,7427,54,70,100000

16,clean-run,1000,true,uniform,READ,19616,1740800,20.0,32.6,,,,,,1,0,0,0,0,4856,20593.080724876443,100000,46.76575,29,8107,65,86,100000

16,avg-run,1000,true,uniform,READ,41808,1804196,20.0,32.6,,,,,,1,0,0,0,0,5399,18521.948508983143,100000,51.99831,32,7563,68,95,100000

17,extend,1000,true,uniform,EXTEND,84740,1931036,20.0,32.6,,,,,,0,0,0,0,1,39372,253.98760540485625,10000,3917.2555,1269,21391,4675,4943,10000

17,run,1000,true,uniform,READ,84740,1931036,20.0,32.6,,,,,,1,0,0,0,0,5299,18871.48518588413,100000,51.0344,30,7939,67,82,100000

17,reference,1000,true,uniform,READ,84740,1931036,20.0,32.6,,,,,,1,0,0,0,0,4610,21691.973969631235,100000,44.11475,27,8311,55,80,100000

17,clean-run,1000,true,uniform,READ,45296,1994424,20.0,32.6,,,,,,1,0,0,0,0,5644,17717.93054571226,100000,54.61344,30,9783,68,90,100000

17,avg-run,1000,true,uniform,READ,45296,1994424,20.0,32.6,,,,,,1,0,0,0,0,5324,18782.870022539442,100000,51.33521,32,8039,66,81,100000

18,extend,1000,true,uniform,EXTEND,39388,2184644,20.0,32.6,,,,,,0,0,0,0,1,39038,256.160663968441,10000,3883.1391,1214,25327,4759,5035,10000

18,run,1000,true,uniform,READ,39388,2184644,20.0,32.6,,,,,,1,0,0,0,0,5651,17695.983011856308,100000,54.62996,31,7491,71,99,100000

18,reference,1000,true,uniform,READ,39388,2184644,20.0,32.6,,,,,,1,0,0,0,0,4471,22366.360993066428,100000,42.82762,27,8351,55,90,100000

18,clean-run,1000,true,uniform,READ,21696,2184644,20.1,32.6,,,,,,1,0,0,0,0,5426,18429.782528566164,100000,52.46286,31,8591,68,89,100000

18,avg-run,1000,true,uniform,READ,21696,2184644,20.1,32.6,,,,,,1,0,0,0,0,5745,17406.440382941688,100000,55.68788,32,7407,69,86,100000

19,extend,1000,true,uniform,EXTEND,91204,2374832,20.1,32.6,,,,,,0,0,0,0,1,39958,250.26277591471046,10000,3976.1242,1230,24015,4803,5079,10000

19,run,1000,true,uniform,READ,91204,2374832,20.1,32.6,,,,,,1,0,0,0,0,5385,18570.102135561745,100000,52.00528,32,8215,69,92,100000

19,reference,1000,true,uniform,READ,91204,2374832,20.1,32.6,,,,,,1,0,0,0,0,4223,23679.848448969926,100000,40.41503,27,8055,52,68,100000

19,clean-run,1000,true,uniform,READ,45076,2438400,20.1,32.6,,,,,,1,0,0,0,0,5671,17633.574325515783,100000,54.79368,32,7731,70,92,100000

19,avg-run,1000,true,uniform,READ,45076,2438400,20.1,32.6,,,,,,1,0,0,0,0,5514,18135.654697134567,100000,53.31002,32,8511,68,85,100000

20,extend,1000,true,uniform,EXTEND,43172,2628632,20.1,32.6,,,,,,0,0,0,0,1,39700,251.88916876574308,10000,3949.8246,1080,24639,4775,5071,10000

20,run,1000,true,uniform,READ,43172,2628632,20.1,32.6,,,,,,1,0,0,0,0,5353,18681.113394358305,100000,51.64617,33,8207,70,91,100000

20,reference,1000,true,uniform,READ,43172,2628632,20.1,32.6,,,,,,1,0,0,0,0,4338,23052.09774089442,100000,41.58054,27,7719,53,70,100000

20,clean-run,1000,true,uniform,READ,58932,2692912,20.2,32.6,,,,,,1,0,0,0,0,5717,17491.691446562883,100000,55.1335,34,9271,71,88,100000

20,avg-run,1000,true,uniform,READ,58932,2692912,20.2,32.6,,,,,,1,0,0,0,0,5497,18191.740949608877,100000,53.09992,33,7391,69,91,100000

21,extend,1000,true,uniform,EXTEND,45144,2883160,20.1,32.6,,,,,,0,0,0,0,1,39118,255.63679124699627,10000,3891.9465,1167,20607,4727,5003,10000

21,run,1000,true,uniform,READ,45144,2883160,20.2,32.6,,,,,,1,0,0,0,0,5488,18221.574344023324,100000,52.87502,34,8671,70,91,100000

21,reference,1000,true,uniform,READ,45144,2883160,20.2,32.6,,,,,,1,0,0,0,0,4449,22476.961114857273,100000,42.62449,27,10943,55,79,100000

21,clean-run,1000,true,uniform,READ,60944,2946980,20.2,32.6,,,,,,1,0,0,0,0,5674,17624.250969333803,100000,54.88827,34,7583,72,99,100000

21,avg-run,1000,true,uniform,READ,60944,2946980,20.2,32.6,,,,,,1,0,0,0,0,5520,18115.942028985508,100000,53.3098,33,8091,69,87,100000

22,extend,1000,true,uniform,EXTEND,47060,3137248,20.2,32.6,,,,,,0,0,0,0,1,38421,260.27432914291666,10000,3821.6854,1131,30095,4723,4967,10000

22,run,1000,true,uniform,READ,47060,3137248,20.2,32.6,,,,,,1,0,0,0,0,5789,17274.14061150458,100000,56.08008,34,7687,72,89,100000

22,reference,1000,true,uniform,READ,47060,3137248,20.2,32.6,,,,,,1,0,0,0,0,4493,22256.843979523703,100000,43.15189,27,7899,54,68,100000

22,clean-run,1000,true,uniform,READ,53272,3201312,20.3,32.7,,,,,,1,0,0,0,0,5991,16691.70422300117,100000,58.06133,34,8399,73,96,100000

22,avg-run,1000,true,uniform,READ,53272,3201312,20.3,32.8,,,,,,1,0,0,0,0,5766,17343.04543877905,100000,55.85372,34,7619,72,92,100000

23,extend,1000,true,uniform,EXTEND,70720,3454944,20.2,32.6,,,,,,0,0,0,0,1,38060,262.7430373095113,10000,3786.6033,1154,36063,4751,5019,10000

23,run,1000,true,uniform,READ,70720,3454944,20.3,32.6,,,,,,1,0,0,0,0,6026,16594.75605708596,100000,58.28154,36,8855,76,98,100000

23,reference,1000,true,uniform,READ,70720,3454944,20.3,32.6,,,,,,1,0,0,0,0,4480,22321.428571428572,100000,42.97552,27,8151,54,68,100000

23,clean-run,1000,true,uniform,READ,48144,3454944,20.3,32.6,,,,,,1,0,0,0,0,5680,17605.6338028169,100000,54.83888,35,9167,72,88,100000

23,avg-run,1000,true,uniform,READ,83316,3518276,20.3,32.6,,,,,,1,0,0,0,0,5682,17599.436818021823,100000,54.80994,35,9111,73,97,100000

24,extend,1000,true,uniform,EXTEND,73332,3708524,20.3,32.6,,,,,,0,0,0,0,1,38368,260.63386155129274,10000,3815.9162,1127,30287,4751,4987,10000

24,run,1000,true,uniform,READ,73332,3708524,20.3,32.6,,,,,,1,0,0,0,0,6062,16496.20587264929,100000,58.65854,36,8855,75,101,100000

24,reference,1000,true,uniform,READ,73332,3708524,20.3,32.6,,,,,,1,0,0,0,0,4258,23485.204321277593,100000,40.64388,27,7859,55,75,100000

24,clean-run,1000,true,uniform,READ,83764,3772480,20.4,32.7,,,,,,1,0,0,0,0,5992,16688.918558077436,100000,58.02924,35,8407,76,109,100000

24,avg-run,1000,true,uniform,READ,83764,3772480,20.4,32.7,,,,,,1,0,0,0,0,5994,16683.35001668335,100000,57.89391,35,7587,73,102,100000

25,extend,1000,true,uniform,EXTEND,99224,4026176,20.4,32.7,,,,,,0,0,0,0,1,39471,253.35056117149298,10000,3927.3838,1144,24815,4839,5063,10000

25,run,1000,true,uniform,READ,99224,4026176,20.4,32.7,,,,,,1,0,0,0,0,6135,16299.918500407499,100000,59.48859,35,7895,76,105,100000

25,reference,1000,true,uniform,READ,99224,4026176,20.4,32.7,,,,,,1,0,0,0,0,4424,22603.978300180832,100000,42.35261,27,7571,55,75,100000

25,clean-run,1000,true,uniform,READ,74692,4026176,20.4,32.7,,,,,,1,0,0,0,0,6149,16262.806960481379,100000,59.68141,36,7803,76,97,100000

25,avg-run,1000,true,uniform,READ,97280,4089556,20.4,32.7,,,,,,1,0,0,0,0,5738,17427.67514813524,100000,55.42006,35,8807,75,110,100000

26,extend,1000,true,uniform,EXTEND,125712,135512,20.4,32.7,,,,,,0,0,0,0,1,38179,261.92409439744364,10000,3797.8136,1188,33343,4767,5019,10000

26,run,1000,true,uniform,READ,125712,135512,20.4,32.7,,,,,,1,0,0,0,0,6265,15961.69193934557,100000,60.71689,34,7567,78,110,100000

26,reference,1000,true,uniform,READ,125712,135512,20.5,32.7,,,,,,1,0,0,0,0,4481,22316.44722160232,100000,42.91523,28,8167,56,86,100000

26,clean-run,1000,true,uniform,READ,100204,135512,20.5,32.7,,,,,,1,0,0,0,0,5972,16744.809109176156,100000,57.79666,34,8559,75,99,100000

26,avg-run,1000,true,uniform,READ,37536,198872,20.5,32.7,,,,,,1,0,0,0,0,5667,17646.02082230457,100000,54.73711,34,7575,73,94,100000

27,extend,1000,true,uniform,EXTEND,56948,452512,20.5,32.7,,,,,,0,0,0,0,1,38504,259.71327654269686,10000,3830.6073,1164,34175,4795,5111,10000

27,run,1000,true,uniform,READ,56948,452512,20.5,32.7,,,,,,1,0,0,0,0,6408,15605.49313358302,100000,62.17291,36,7771,82,121,100000

27,reference,1000,true,uniform,READ,56948,452512,20.5,32.7,,,,,,1,0,0,0,0,4333,23078.698361412415,100000,41.50706,27,8087,54,71,100000

27,clean-run,1000,true,uniform,READ,30464,452512,20.5,32.7,,,,,,1,0,0,0,0,6255,15987.210231814548,100000,60.66798,37,9063,78,100,100000

27,avg-run,1000,true,uniform,READ,50940,515904,20.6,32.7,,,,,,1,0,0,0,0,6236,16035.92046183451,100000,60.40476,36,8439,77,100,100000

28,extend,1000,true,uniform,EXTEND,84204,769548,20.5,32.7,,,,,,0,0,0,0,1,39799,251.2625945375512,10000,3960.3927,1221,26287,4883,5203,10000

28,run,1000,true,uniform,READ,84204,769548,20.6,32.7,,,,,,1,0,0,0,0,6506,15370.427297878881,100000,63.18146,37,9311,80,105,100000

28,reference,1000,true,uniform,READ,84204,769548,20.6,32.7,,,,,,1,0,0,0,0,4401,22722.108611679163,100000,42.16519,27,8479,54,76,100000

28,clean-run,1000,true,uniform,READ,90264,833396,20.6,32.7,,,,,,1,0,0,0,0,6584,15188.335358444714,100000,63.89798,37,9039,80,108,100000

28,avg-run,1000,true,uniform,READ,90264,833396,20.6,32.7,,,,,,1,0,0,0,0,6447,15511.090429657204,100000,62.47376,37,8003,78,94,100000

29,extend,1000,true,uniform,EXTEND,137504,1150368,20.6,32.7,,,,,,0,0,0,0,1,40366,247.73324084625676,10000,4017.1855,1197,19407,4911,5179,10000

29,run,1000,true,uniform,READ,137504,1150368,20.6,32.7,,,,,,1,0,0,0,0,6103,16385.384237260365,100000,59.16447,35,8887,79,103,100000

29,reference,1000,true,uniform,READ,137504,1150368,20.6,32.7,,,,,,1,0,0,0,0,4497,22237.046920169003,100000,43.06526,28,8287,55,74,100000

29,clean-run,1000,true,uniform,READ,109064,1150368,20.6,32.7,,,,,,1,0,0,0,0,6161,16231.131309852297,100000,59.63976,35,9103,77,105,100000

29,avg-run,1000,true,uniform,READ,46252,1213708,20.7,32.7,,,,,,1,0,0,0,0,5767,17340.038148083924,100000,55.73661,35,7327,75,94,100000

30,extend,1000,true,uniform,EXTEND,62736,1467380,20.6,32.7,,,,,,0,0,0,0,1,40634,246.09932568784762,10000,4043.2578,1230,24495,4919,5195,10000

30,run,1000,true,uniform,READ,62736,1467380,20.7,32.7,,,,,,1,0,0,0,0,6357,15730.690577316343,100000,61.63952,38,7887,81,110,100000

30,reference,1000,true,uniform,READ,62736,1467380,20.7,32.7,,,,,,1,0,0,0,0,4386,22799.817601459188,100000,41.91909,28,9543,54,72,100000

30,clean-run,1000,true,uniform,READ,61508,1531448,20.7,32.7,,,,,,1,0,0,0,0,6609,15130.882130428205,100000,64.22798,37,9351,83,150,100000

30,avg-run,1000,true,uniform,READ,61508,1531448,20.7,32.7,,,,,,1,0,0,0,0,6205,16116.035455278,100000,60.17147,37,7627,78,102,100000

31,extend,1000,true,uniform,EXTEND,118608,1848444,20.7,32.7,,,,,,0,0,0,0,1,39030,256.2131693569049,10000,3883.7671,1185,45151,4919,5235,10000

31,run,1000,true,uniform,READ,118608,1848444,20.7,32.7,,,,,,1,0,0,0,0,7019,14247.043738424278,100000,68.25237,39,8263,86,134,100000

31,reference,1000,true,uniform,READ,118608,1848444,20.7,32.7,,,,,,1,0,0,0,0,4265,23446.658851113716,100000,40.75743,27,9015,53,68,100000

31,clean-run,1000,true,uniform,READ,126684,1912552,20.8,32.7,,,,,,1,0,0,0,0,7129,14027.212792818067,100000,69.39543,39,7791,87,251,100000

31,avg-run,1000,true,uniform,READ,126684,1912552,20.8,32.7,,,,,,1,0,0,0,0,6376,15683.814303638645,100000,61.8003,40,8495,78,100,100000

32,extend,1000,true,uniform,EXTEND,66684,2229560,20.8,32.7,,,,,,0,0,0,0,1,40224,248.60779634049325,10000,4002.3483,1316,36991,4971,5315,10000

32,run,1000,true,uniform,READ,66684,2229560,20.8,32.7,,,,,,1,0,0,0,0,6884,14526.43811737362,100000,66.87394,37,7387,85,149,100000

32,reference,1000,true,uniform,READ,66684,2229560,20.8,32.7,,,,,,1,0,0,0,0,4146,24119.6333815726,100000,39.62306,27,8271,52,67,100000

32,clean-run,1000,true,uniform,READ,72780,2293632,20.8,32.7,,,,,,1,0,0,0,0,6648,15042.117930204573,100000,64.60313,36,7887,84,124,100000

32,avg-run,1000,true,uniform,READ,72780,2293632,20.9,32.7,,,,,,1,0,0,0,0,6112,16361.256544502618,100000,59.25036,38,9151,78,106,100000

33,extend,1000,true,uniform,EXTEND,153844,2673924,20.8,32.7,,,,,,0,0,0,0,1,41138,243.08425300209052,10000,4093.2366,1320,32479,5039,5327,10000

33,run,1000,true,uniform,READ,153844,2673924,20.9,32.7,,,,,,1,0,0,0,0,6811,14682.131845543972,100000,66.1401,38,10823,85,141,100000

33,reference,1000,true,uniform,READ,153844,2673924,20.9,32.7,,,,,,1,0,0,0,0,4538,22036.139268400177,100000,43.56032,27,8295,54,70,100000

33,clean-run,1000,true,uniform,READ,121500,2673924,20.9,32.7,,,,,,1,0,0,0,0,6828,14645.577035735208,100000,66.442,37,7951,85,303,100000

33,avg-run,1000,true,uniform,READ,64340,2737256,20.9,32.7,,,,,,1,0,0,0,0,6550,15267.175572519083,100000,63.57738,39,7823,79,132,100000

34,extend,1000,true,uniform,EXTEND,99272,3054204,20.9,32.7,,,,,,0,0,0,0,1,40333,247.93593335482112,10000,4013.3853,1265,27951,4983,5275,10000

34,run,1000,true,uniform,READ,99272,3054204,20.9,32.7,,,,,,1,0,0,0,0,7090,14104.372355430183,100000,68.89205,39,7831,87,180,100000

34,reference,1000,true,uniform,READ,99272,3054204,20.9,32.7,,,,,,1,0,0,0,0,4271,23413.720440177945,100000,40.91493,27,7511,53,77,100000

34,clean-run,1000,true,uniform,READ,65940,3054204,21.0,32.7,,,,,,1,0,0,0,0,7160,13966.480446927375,100000,69.63715,39,8231,87,228,100000

34,avg-run,1000,true,uniform,READ,86548,3117580,21.0,32.7,,,,,,1,0,0,0,0,6498,15389.350569405971,100000,63.03234,39,7483,81,113,100000

35,extend,1000,true,uniform,EXTEND,72708,3497792,21.0,32.7,,,,,,0,0,0,0,1,41283,242.2304580577962,10000,4107.4277,1254,25263,4991,5295,10000

35,run,1000,true,uniform,READ,72708,3497792,21.0,32.7,,,,,,1,0,0,0,0,6927,14436.263894904,100000,67.39532,39,8647,88,111,100000

35,reference,1000,true,uniform,READ,72708,3497792,21.0,32.7,,,,,,1,0,0,0,0,4192,23854.961832061068,100000,39.94892,27,7975,53,68,100000

35,clean-run,1000,true,uniform,READ,38404,3497792,21.0,32.7,,,,,,1,0,0,0,0,6911,14469.68600781363,100000,67.18067,38,7843,88,112,100000

35,avg-run,1000,true,uniform,READ,66376,3561100,21.1,32.7,,,,,,1,0,0,0,0,6768,14775.413711583924,100000,65.88214,40,7527,82,107,100000

36,extend,1000,true,uniform,EXTEND,133648,3878008,21.0,32.7,,,,,,0,0,0,0,1,39561,252.77419680998963,10000,3937.3962,1295,27327,4787,5171,10000

36,run,1000,true,uniform,READ,133648,3878008,21.1,32.7,,,,,,1,0,0,0,0,7409,13497.09812390336,100000,72.2929,41,7843,91,121,100000

36,reference,1000,true,uniform,READ,133648,3878008,21.1,32.7,,,,,,1,0,0,0,0,4202,23798.191337458353,100000,40.23745,27,7915,53,68,100000

36,clean-run,1000,true,uniform,READ,138844,3942140,21.1,32.7,,,,,,1,0,0,0,0,7094,14096.4195094446,100000,69.00329,39,8975,92,131,100000

36,avg-run,1000,true,uniform,READ,138844,3942140,21.1,32.7,,,,,,1,0,0,0,0,6676,14979.029358897544,100000,64.90775,39,7935,80,98,100000

37,extend,1000,true,uniform,EXTEND,106696,126288,21.1,32.7,,,,,,0,0,0,0,1,38244,261.47892479866124,10000,3805.1165,1254,31743,4727,5087,10000

37,run,1000,true,uniform,READ,106696,126288,21.1,32.7,,,,,,1,0,0,0,0,7364,13579.576317218904,100000,71.66177,41,8839,92,115,100000

37,reference,1000,true,uniform,READ,106696,126288,21.2,32.7,,,,,,1,0,0,0,0,4553,21963.540522732266,100000,43.77263,27,7383,55,66,100000

37,clean-run,1000,true,uniform,READ,113140,189804,21.2,32.8,,,,,,1,0,0,0,0,7373,13563.000135630002,100000,71.89124,41,7899,93,133,100000

37,avg-run,1000,true,uniform,READ,113140,189804,21.2,32.8,,,,,,1,0,0,0,0,6603,15144.631228229593,100000,64.19566,41,8519,82,100,100000

38,extend,1000,true,uniform,EXTEND,78428,570136,21.2,32.8,,,,,,0,0,0,0,1,37602,265.94330088825063,10000,3741.5734,1238,32015,4687,5043,10000

38,run,1000,true,uniform,READ,78428,570136,21.2,32.8,,,,,,1,0,0,0,0,7928,12613.521695257316,100000,77.36451,42,11335,98,149,100000

38,reference,1000,true,uniform,READ,78428,570136,21.2,32.8,,,,,,1,0,0,0,0,4376,22851.919561243143,100000,41.86853,27,8607,54,69,100000

38,clean-run,1000,true,uniform,READ,78820,634420,21.3,32.8,,,,,,1,0,0,0,0,7389,13533.631073216944,100000,72.02678,42,8583,94,120,100000

38,avg-run,1000,true,uniform,READ,112560,697748,21.3,32.8,,,,,,1,0,0,0,0,7009,14267.370523612499,100000,68.21505,42,7991,85,116,100000

39,extend,1000,true,uniform,EXTEND,80492,1077940,21.3,32.9,,,,,,0,0,0,0,1,38043,262.8604473884815,10000,3785.668,1241,30127,4807,5191,10000

39,run,1000,true,uniform,READ,80492,1077940,21.3,32.9,,,,,,1,0,0,0,0,7884,12683.916793505834,100000,76.9844,43,8543,98,130,100000

39,reference,1000,true,uniform,READ,80492,1077940,21.3,32.9,,,,,,1,0,0,0,0,4289,23315.458148752623,100000,41.0824,27,8079,55,69,100000

39,clean-run,1000,true,uniform,READ,42284,1077940,21.3,32.9,,,,,,1,0,0,0,0,7640,13089.005235602095,100000,74.53049,42,9135,95,132,100000

39,avg-run,1000,true,uniform,READ,64564,1141284,21.4,32.9,,,,,,1,0,0,0,0,6698,14929.82979994028,100000,65.04685,42,8759,82,101,100000

40,extend,1000,true,uniform,EXTEND,178064,1521448,21.3,32.9,,,,,,0,0,0,0,1,38739,258.13779395441287,10000,3855.0921,1323,47327,4755,5163,10000

40,run,1000,true,uniform,READ,178064,1521448,21.4,32.9,,,,,,1,0,0,0,0,8471,11804.98170227836,100000,82.82965,48,9039,104,154,100000

40,reference,1000,true,uniform,READ,178064,1521448,21.4,32.9,,,,,,1,0,0,0,0,4579,21838.829438742083,100000,44.00428,29,7807,56,69,100000

40,clean-run,1000,true,uniform,READ,62476,1585360,21.4,32.9,,,,,,1,0,0,0,0,8443,11844.131232974061,100000,82.49653,46,8895,103,273,100000

40,avg-run,1000,true,uniform,READ,62476,1585360,21.5,32.9,,,,,,1,0,0,0,0,6687,14954.389113204725,100000,65.05629,42,8247,82,103,100000

41,extend,1000,true,uniform,EXTEND,180388,2029056,21.4,32.9,,,,,,0,0,0,0,1,38820,257.5991756826378,10000,3863.307,1300,26223,4799,5151,10000

41,run,1000,true,uniform,READ,180388,2029056,21.5,32.9,,,,,,1,0,0,0,0,8170,12239.902080783353,100000,79.8111,42,8887,101,176,100000

41,reference,1000,true,uniform,READ,180388,2029056,21.5,32.9,,,,,,1,0,0,0,0,4255,23501.762632197413,100000,40.69225,27,9015,54,70,100000

41,clean-run,1000,true,uniform,READ,83440,2092684,21.5,32.9,,,,,,1,0,0,0,0,8110,12330.456226880395,100000,79.0822,43,8439,102,189,100000

41,avg-run,1000,true,uniform,READ,83440,2092684,21.5,32.9,,,,,,1,0,0,0,0,6998,14289.797084881395,100000,68.17973,42,9175,86,108,100000

42,extend,1000,true,uniform,EXTEND,183520,2536368,21.5,32.9,,,,,,0,0,0,0,1,38938,256.81853202527094,10000,3875.2565,1278,24447,4879,5255,10000

42,run,1000,true,uniform,READ,183520,2536368,21.5,32.9,,,,,,1,0,0,0,0,7685,13012.361743656473,100000,74.88283,42,10471,98,135,100000

42,reference,1000,true,uniform,READ,183520,2536368,21.6,32.9,,,,,,1,0,0,0,0,4162,24026.910139356078,100000,39.81497,27,7895,53,67,100000

42,clean-run,1000,true,uniform,READ,142380,2536368,21.6,32.9,,,,,,1,0,0,0,0,7725,12944.983818770226,100000,75.30654,42,8639,95,123,100000

42,avg-run,1000,true,uniform,READ,50004,2599752,21.6,32.9,,,,,,1,0,0,0,0,6825,14652.014652014652,100000,66.34696,41,10207,84,103,100000

43,extend,1000,true,uniform,EXTEND,187428,3043324,21.6,32.9,,,,,,0,0,0,0,1,38656,258.6920529801325,10000,3846.6104,1337,28415,4843,5291,10000

43,run,1000,true,uniform,READ,187428,3043324,21.6,32.9,,,,,,1,0,0,0,0,8242,12132.977432661975,100000,80.557,44,7899,102,149,100000

43,reference,1000,true,uniform,READ,187428,3043324,21.6,32.9,,,,,,1,0,0,0,0,4375,22857.14285714286,100000,41.82024,27,9695,55,67,100000

43,clean-run,1000,true,uniform,READ,89056,3106664,21.7,32.9,,,,,,1,0,0,0,0,8413,11886.366337810532,100000,82.15245,44,9367,105,203,100000

43,avg-run,1000,true,uniform,READ,89056,3106664,21.7,32.9,,,,,,1,0,0,0,0,6660,15015.015015015015,100000,64.7772,41,7703,85,107,100000

44,extend,1000,true,uniform,EXTEND,189140,3550372,21.7,32.9,,,,,,0,0,0,0,1,38655,258.69874531108525,10000,3846.377,1335,33599,4839,5195,10000

44,run,1000,true,uniform,READ,189140,3550372,21.7,32.9,,,,,,1,0,0,0,0,8313,12029.351617947792,100000,81.17632,44,9151,104,170,100000

44,reference,1000,true,uniform,READ,189140,3550372,21.7,32.9,,,,,,1,0,0,0,0,4261,23468.66932644919,100000,40.76598,27,7751,54,66,100000

44,clean-run,1000,true,uniform,READ,74076,3613692,21.7,32.9,,,,,,1,0,0,0,0,8138,12288.03145736053,100000,79.49987,45,8375,102,156,100000

44,avg-run,1000,true,uniform,READ,74076,3613692,21.8,32.9,,,,,,1,0,0,0,0,6904,14484.356894553881,100000,67.29539,42,7851,86,103,100000

45,extend,1000,true,uniform,EXTEND,298196,4120320,21.7,32.9,,,,,,0,0,0,0,1,38801,257.7253163578258,10000,3860.7985,1330,37503,4823,5243,10000

45,run,1000,true,uniform,READ,92244,4120320,21.8,32.9,,,,,,1,0,0,0,0,8620,11600.92807424594,100000,84.25518,44,8091,107,285,100000

45,reference,1000,true,uniform,READ,92244,4120320,21.8,32.9,,,,,,1,0,0,0,0,4254,23507.287259050307,100000,40.70477,27,8839,54,67,100000

45,clean-run,1000,true,uniform,READ,48172,4120320,21.8,32.9,,,,,,1,0,0,0,0,7966,12553.351744915892,100000,77.79548,44,8171,99,135,100000

45,avg-run,1000,true,uniform,READ,66428,4183604,21.9,32.9,,,,,,1,0,0,0,0,7165,13956.734124214934,100000,69.79662,42,7839,87,111,100000

46,extend,1000,true,uniform,EXTEND,94104,388960,21.8,32.9,,,,,,0,0,0,0,1,37536,266.41091219096336,10000,3734.9923,1318,36031,4823,5191,10000

46,run,1000,true,uniform,READ,94104,388960,21.9,32.9,,,,,,1,0,0,0,0,8597,11631.964638827498,100000,84.0554,44,7827,107,263,100000

46,reference,1000,true,uniform,READ,94104,388960,21.9,32.9,,,,,,1,0,0,0,0,4265,23446.658851113716,100000,40.72365,27,8943,54,68,100000

46,clean-run,1000,true,uniform,READ,99976,452960,21.9,33.0,,,,,,1,0,0,0,0,8033,12448.649321548612,100000,78.35898,42,7855,101,152,100000

46,avg-run,1000,true,uniform,READ,141260,516316,21.9,33.0,,,,,,1,0,0,0,0,7170,13947.001394700139,100000,69.76244,43,7671,88,116,100000

47,extend,1000,true,uniform,EXTEND,130948,959900,21.9,33.0,,,,,,0,0,0,0,1,37842,264.2566460546483,10000,3765.2752,1304,43295,4807,5171,10000

47,run,1000,true,uniform,READ,130948,959900,21.9,33.0,,,,,,1,0,0,0,0,8670,11534.025374855824,100000,84.78828,45,8679,108,174,100000

47,reference,1000,true,uniform,READ,130948,959900,22.0,33.0,,,,,,1,0,0,0,0,4347,23004.37083045779,100000,41.58122,27,8783,54,71,100000

47,clean-run,1000,true,uniform,READ,141276,1023232,22.0,33.1,,,,,,1,0,0,0,0,8408,11893.434823977164,100000,82.21897,42,8367,105,168,100000

47,avg-run,1000,true,uniform,READ,141276,1023232,22.0,33.1,,,,,,1,0,0,0,0,7158,13970.382788488405,100000,69.76549,42,8767,87,106,100000

48,extend,1000,true,uniform,EXTEND,169056,1529988,22.0,33.1,,,,,,0,0,0,0,1,37937,263.5949073463901,10000,3774.1542,1311,34719,4923,5315,10000

48,run,1000,true,uniform,READ,169056,1529988,22.0,33.1,,,,,,1,0,0,0,0,8419,11877.89523696401,100000,82.20452,45,7755,107,159,100000

48,reference,1000,true,uniform,READ,169056,1529988,22.0,33.1,,,,,,1,0,0,0,0,4401,22722.108611679163,100000,42.16231,28,7615,56,71,100000

48,clean-run,1000,true,uniform,READ,179900,1594164,22.1,33.1,,,,,,1,0,0,0,0,8428,11865.211200759373,100000,82.38278,45,9231,107,175,100000

48,avg-run,1000,true,uniform,READ,179900,1594164,22.1,33.1,,,,,,1,0,0,0,0,7436,13448.090371167295,100000,72.41724,46,9295,91,123,100000

49,extend,1000,true,uniform,EXTEND,206208,2100864,22.1,33.1,,,,,,0,0,0,0,1,38439,260.1524493353105,10000,3824.9635,1291,29983,4927,5299,10000

49,run,1000,true,uniform,READ,206208,2100864,22.1,33.1,,,,,,1,0,0,0,0,8955,11166.945840312674,100000,87.61092,46,8067,111,342,100000

49,reference,1000,true,uniform,READ,206208,2100864,22.1,33.1,,,,,,1,0,0,0,0,4333,23078.698361412415,100000,41.49053,27,7899,54,66,100000

49,clean-run,1000,true,uniform,READ,77656,2164256,22.2,33.1,,,,,,1,0,0,0,0,8857,11290.504685559445,100000,86.66263,48,8239,110,305,100000

49,avg-run,1000,true,uniform,READ,117656,2227632,22.2,33.1,,,,,,1,0,0,0,0,7228,13835.08577753182,100000,70.44283,45,7787,91,127,100000

50,extend,1000,true,uniform,EXTEND,101876,2671092,22.2,33.1,,,,,,0,0,0,0,1,39774,251.42052597174035,10000,3958.4895,1402,35839,5027,5371,10000

50,run,1000,true,uniform,READ,101876,2671092,22.2,33.1,,,,,,1,0,0,0,0,9109,10978.153474585575,100000,89.1058,48,9679,115,352,100000

50,reference,1000,true,uniform,READ,101876,2671092,22.2,33.1,,,,,,1,0,0,0,0,4512,22163.120567375885,100000,43.27604,27,8071,55,68,100000

50,clean-run,1000,true,uniform,READ,90548,2734964,22.2,33.1,,,,,,1,0,0,0,0,9244,10817.82778018174,100000,90.55277,47,8751,116,348,100000

50,avg-run,1000,true,uniform,READ,106748,2798220,22.3,33.1,,,,,,1,0,0,0,0,7229,13833.171946327293,100000,70.44422,46,8155,94,132,100000

51,extend,1000,true,uniform,EXTEND,176384,3304992,22.2,33.1,,,,,,0,0,0,0,1,39195,255.13458349279244,10000,3898.6665,1413,50303,5027,5459,10000

51,run,1000,true,uniform,READ,176384,3304992,22.3,33.1,,,,,,1,0,0,0,0,8984,11130.899376669635,100000,87.90869,46,8447,113,326,100000

51,reference,1000,true,uniform,READ,176384,3304992,22.3,33.1,,,,,,1,0,0,0,0,4282,23353.57309668379,100000,40.9045,27,8503,54,70,100000

51,clean-run,1000,true,uniform,READ,181904,3369200,22.3,33.1,,,,,,1,0,0,0,0,9735,10272.21366204417,100000,95.34684,47,7747,122,374,100000

51,avg-run,1000,true,uniform,READ,98768,3432384,22.4,33.1,,,,,,1,0,0,0,0,7873,12701.638511367966,100000,76.88089,46,9215,95,126,100000

52,extend,1000,true,uniform,EXTEND,105880,3938992,22.3,33.1,,,,,,0,0,0,0,1,37728,265.05513146734523,10000,3753.5735,1406,36799,4851,5235,10000

52,run,1000,true,uniform,READ,105880,3938992,22.4,33.1,,,,,,1,0,0,0,0,9338,10708.931248661384,100000,91.3279,48,9087,122,359,100000

52,reference,1000,true,uniform,READ,105880,3938992,22.4,33.1,,,,,,1,0,0,0,0,4369,22888.532845044632,100000,41.87158,27,8375,54,67,100000

52,clean-run,1000,true,uniform,READ,117256,4003256,22.4,33.1,,,,,,1,0,0,0,0,10022,9978.048293753742,100000,98.10385,50,10207,134,416,100000

52,avg-run,1000,true,uniform,READ,117256,4003256,22.4,33.1,,,,,,1,0,0,0,0,7577,13197.835554968986,100000,73.819,47,8591,92,113,100000

53,extend,1000,true,uniform,EXTEND,180316,377168,22.4,33.1,,,,,,0,0,0,0,1,36242,275.92296230892333,10000,3605.6206,1383,38239,4867,5323,10000

53,run,1000,true,uniform,READ,180316,377168,22.5,33.1,,,,,,1,0,0,0,0,9887,10114.291493880854,100000,96.76456,51,8303,130,400,100000

53,reference,1000,true,uniform,READ,180316,377168,22.5,33.1,,,,,,1,0,0,0,0,4432,22563.17689530686,100000,42.41004,27,7663,55,68,100000

53,clean-run,1000,true,uniform,READ,128432,377168,22.5,33.1,,,,,,1,0,0,0,0,9388,10651.896037494675,100000,91.83711,50,10103,119,357,100000

53,avg-run,1000,true,uniform,READ,138436,440472,22.5,33.1,,,,,,1,0,0,0,0,7286,13724.95196266813,100000,70.95992,46,8535,92,114,100000

54,extend,1000,true,uniform,EXTEND,109792,1010648,22.5,33.1,,,,,,0,0,0,0,1,37764,264.8024573668044,10000,3757.0701,1334,46335,4939,5327,10000

54,run,1000,true,uniform,READ,109792,1010648,22.6,33.1,,,,,,1,0,0,0,0,9847,10155.377272265665,100000,96.50248,48,8091,137,407,100000

54,reference,1000,true,uniform,READ,109792,1010648,22.6,33.1,,,,,,1,0,0,0,0,4329,23100.0231000231,100000,41.36373,27,7267,55,71,100000

54,clean-run,1000,true,uniform,READ,118600,1074396,22.6,33.1,,,,,,1,0,0,0,0,9421,10614.584439019212,100000,92.24634,45,7991,121,374,100000

54,avg-run,1000,true,uniform,READ,118600,1074396,22.6,33.1,,,,,,1,0,0,0,0,7491,13349.352556401014,100000,73.05636,47,7947,95,123,100000

55,extend,1000,true,uniform,EXTEND,187340,1644444,22.6,33.1,,,,,,0,0,0,0,1,37645,265.63952716164164,10000,3745.507,1396,44927,5035,5427,10000

55,run,1000,true,uniform,READ,187340,1644444,22.6,33.1,,,,,,1,0,0,0,0,9845,10157.440325038091,100000,96.34842,48,8823,131,401,100000

55,reference,1000,true,uniform,READ,187340,1644444,22.6,33.1,,,,,,1,0,0,0,0,4311,23196.474135931338,100000,41.2938,27,8247,55,69,100000

55,clean-run,1000,true,uniform,READ,189704,1708116,22.7,33.1,,,,,,1,0,0,0,0,9902,10098.969905069684,100000,96.95821,48,8791,132,416,100000

55,avg-run,1000,true,uniform,READ,97504,1771476,22.7,33.1,,,,,,1,0,0,0,0,7604,13150.973172014728,100000,74.16783,46,8107,95,121,100000

56,extend,1000,true,uniform,EXTEND,113616,2278336,22.7,33.1,,,,,,0,0,0,0,1,38050,262.8120893561104,10000,3786.6273,1422,57471,4919,5319,10000

56,run,1000,true,uniform,READ,113616,2278336,22.7,33.1,,,,,,1,0,0,0,0,9422,10613.457864572278,100000,92.2515,49,9455,124,369,100000

56,reference,1000,true,uniform,READ,113616,2278336,22.7,33.1,,,,,,1,0,0,0,0,4495,22246.94104560623,100000,43.09461,27,7927,56,69,100000

56,clean-run,1000,true,uniform,READ,96760,2341716,22.8,33.2,,,,,,1,0,0,0,0,9930,10070.493454179255,100000,97.24705,50,8599,126,381,100000

56,avg-run,1000,true,uniform,READ,105156,2404944,22.8,33.2,,,,,,1,0,0,0,0,7729,12938.284383490749,100000,75.39463,50,14679,97,129,100000

57,extend,1000,true,uniform,EXTEND,230360,2975048,22.8,33.1,,,,,,0,0,0,0,1,36073,277.2156460510631,10000,3587.0408,1441,42527,4879,5327,10000

57,run,1000,true,uniform,READ,230360,2975048,22.8,33.1,,,,,,1,0,0,0,0,10838,9226.794611551946,100000,106.28099,49,9231,180,430,100000

57,reference,1000,true,uniform,READ,230360,2975048,22.8,33.1,,,,,,1,0,0,0,0,4303,23239.600278875205,100000,41.18299,27,8271,55,70,100000

57,clean-run,1000,true,uniform,READ,82816,3038736,22.9,33.2,,,,,,1,0,0,0,0,10086,9914.7332936744,100000,98.85219,50,8003,143,405,100000

57,avg-run,1000,true,uniform,READ,112236,3101988,22.9,33.2,,,,,,1,0,0,0,0,7592,13171.759747102213,100000,74.02508,47,8359,95,129,100000

58,extend,1000,true,uniform,EXTEND,194208,3671836,22.9,33.1,,,,,,0,0,0,0,1,38665,258.631837579206,10000,3846.1341,1402,33119,5079,5447,10000

58,run,1000,true,uniform,READ,194208,3671836,22.9,33.1,,,,,,1,0,0,0,0,11431,8748.141020033243,100000,112.10298,51,8327,317,490,100000

58,reference,1000,true,uniform,READ,194208,3671836,22.9,33.1,,,,,,1,0,0,0,0,4259,23479.690068091102,100000,40.65569,27,9799,54,67,100000

58,clean-run,1000,true,uniform,READ,194720,3735952,23.0,33.2,,,,,,1,0,0,0,0,9799,10205.12297173181,100000,95.95644,49,8271,132,388,100000

58,avg-run,1000,true,uniform,READ,99372,3799160,23.0,33.2,,,,,,1,0,0,0,0,7689,13005.592404734036,100000,75.00555,47,7547,97,134,100000

59,extend,1000,true,uniform,EXTEND,158412,135432,23.0,33.2,,,,,,0,0,0,0,1,38628,258.8795692243968,10000,3844.3361,1438,37791,5003,5415,10000

59,run,1000,true,uniform,READ,158412,135432,23.0,33.2,,,,,,1,0,0,0,0,11535,8669.267446900736,100000,113.13457,51,8935,325,490,100000

59,reference,1000,true,uniform,READ,158412,135432,23.0,33.2,,,,,,1,0,0,0,0,4249,23534.94939985879,100000,40.61465,27,8503,53,66,100000

59,clean-run,1000,true,uniform,READ,157520,198928,23.0,33.1,,,,,,1,0,0,0,0,10153,9849.30562395351,100000,99.53886,49,9295,140,395,100000

59,avg-run,1000,true,uniform,READ,193060,262160,23.1,33.2,,,,,,1,0,0,0,0,7767,12874.983906270118,100000,75.70105,47,9631,99,134,100000

60,extend,1000,true,uniform,EXTEND,121460,831912,23.1,33.2,,,,,,0,0,0,0,1,39386,253.89732392220586,10000,3919.577,1428,129087,5059,5427,10000

60,run,1000,true,uniform,READ,121460,831912,23.1,33.2,,,,,,1,0,0,0,0,11340,8818.342151675484,100000,111.20892,49,8823,301,469,100000

60,reference,1000,true,uniform,READ,121460,831912,23.1,33.2,,,,,,1,0,0,0,0,4560,21929.824561403508,100000,43.77222,27,7967,56,70,100000

60,clean-run,1000,true,uniform,READ,113212,895232,23.1,33.2,,,,,,1,0,0,0,0,11708,8541.168431841475,100000,114.92294,48,7567,343,516,100000

60,avg-run,1000,true,uniform,READ,133948,958448,23.2,33.1,,,,,,1,0,0,0,0,8073,12386.968908708039,100000,78.85525,49,8711,99,128,100000

61,extend,1000,true,uniform,EXTEND,123476,1591692,23.1,33.2,,,,,,0,0,0,0,1,39461,253.41476394414738,10000,3926.167,1434,36735,5103,5675,10000

61,run,1000,true,uniform,READ,123476,1591692,23.2,33.2,,,,,,1,0,0,0,0,10749,9303.190994511117,100000,105.33102,49,7663,183,436,100000

61,reference,1000,true,uniform,READ,123476,1591692,23.2,33.2,,,,,,1,0,0,0,0,4437,22537.7507324769,100000,42.45908,27,7499,55,69,100000

61,clean-run,1000,true,uniform,READ,127024,1655580,23.2,33.2,,,,,,1,0,0,0,0,10873,9197.093718384991,100000,106.63639,51,8063,181,444,100000

61,avg-run,1000,true,uniform,READ,185264,1719020,23.2,33.1,,,,,,1,0,0,0,0,7671,13036.11002476861,100000,74.88443,48,8079,99,145,100000

62,extend,1000,true,uniform,EXTEND,244828,2288896,23.2,33.2,,,,,,0,0,0,0,1,38925,256.9043031470777,10000,3873.3237,1448,41151,5063,5447,10000

62,run,1000,true,uniform,READ,244828,2288896,23.3,33.2,,,,,,1,0,0,0,0,10593,9440.196356084207,100000,103.81807,51,8727,154,410,100000

62,reference,1000,true,uniform,READ,244828,2288896,23.3,33.2,,,,,,1,0,0,0,0,4347,23004.37083045779,100000,41.65085,27,9207,54,66,100000

62,clean-run,1000,true,uniform,READ,83516,2352692,23.3,33.2,,,,,,1,0,0,0,0,10702,9344.047841524949,100000,104.934,50,9007,171,424,100000

62,avg-run,1000,true,uniform,READ,103820,2415896,23.3,33.2,,,,,,1,0,0,0,0,7650,13071.8954248366,100000,74.5943,48,7811,100,132,100000

63,extend,1000,true,uniform,EXTEND,246044,3048796,23.3,33.2,,,,,,0,0,0,0,1,38588,259.1479216336685,10000,3839.1084,1461,58175,5087,5579,10000

63,run,1000,true,uniform,READ,246044,3048796,23.3,33.2,,,,,,1,0,0,0,0,11885,8413.967185527976,100000,116.65263,53,9399,328,470,100000

63,reference,1000,true,uniform,READ,246044,3048796,23.4,33.2,,,,,,1,0,0,0,0,4449,22476.961114857273,100000,42.52723,27,9399,54,67,100000

63,clean-run,1000,true,uniform,READ,98664,3112296,23.4,33.2,,,,,,1,0,0,0,0,11435,8745.08089199825,100000,112.1052,52,9743,301,455,100000

63,avg-run,1000,true,uniform,READ,132180,3175528,23.4,33.2,,,,,,1,0,0,0,0,8177,12229.423994129877,100000,79.93751,52,7419,102,130,100000

64,extend,1000,true,uniform,EXTEND,248092,3808464,23.4,33.2,,,,,,0,0,0,0,1,38677,258.55159397057685,10000,3848.5212,1452,53119,5195,5631,10000

64,run,1000,true,uniform,READ,248092,3808464,23.4,33.2,,,,,,1,0,0,0,0,12733,7853.608733212911,100000,125.08757,52,9231,359,545,100000

64,reference,1000,true,uniform,READ,248092,3808464,23.5,33.2,,,,,,1,0,0,0,0,4083,24491.795248591723,100000,39.01677,27,7707,52,67,100000

64,clean-run,1000,true,uniform,READ,102056,3872072,23.5,33.2,,,,,,1,0,0,0,0,12921,7739.339060444238,100000,126.89082,55,8783,365,553,100000

64,avg-run,1000,true,uniform,READ,136984,3935284,23.5,33.2,,,,,,1,0,0,0,0,7946,12584.948401711554,100000,77.57437,52,9183,102,133,100000

65,extend,1000,true,uniform,EXTEND,250872,325264,23.5,33.2,,,,,,0,0,0,0,1,39097,255.77410031460215,10000,3891.1541,1428,121471,5055,5455,10000

65,run,1000,true,uniform,READ,250872,325264,23.5,33.2,,,,,,1,0,0,0,0,12630,7917.656373713381,100000,124.07212,49,8719,352,492,100000

65,reference,1000,true,uniform,READ,250872,325264,23.5,33.2,,,,,,1,0,0,0,0,4209,23758.61249703017,100000,40.17241,27,7839,54,71,100000

65,clean-run,1000,true,uniform,READ,93388,388688,23.6,33.3,,,,,,1,0,0,0,0,10945,9136.592051164915,100000,107.40775,53,9039,167,417,100000

65,avg-run,1000,true,uniform,READ,117752,451944,23.6,33.3,,,,,,1,0,0,0,0,7876,12696.800406297612,100000,76.89924,48,7775,98,122,100000

66,extend,1000,true,uniform,EXTEND,254584,1085004,23.6,33.3,,,,,,0,0,0,0,1,39684,251.9907267412559,10000,3949.5813,1447,73215,5223,5619,10000

66,run,1000,true,uniform,READ,254584,1085004,23.6,33.3,,,,,,1,0,0,0,0,12408,8059.316569954868,100000,121.93839,52,9271,347,499,100000

66,reference,1000,true,uniform,READ,254584,1085004,23.6,33.3,,,,,,1,0,0,0,0,4597,21753.317380900586,100000,44.11303,27,9271,56,72,100000

66,clean-run,1000,true,uniform,READ,74324,1148972,23.7,33.3,,,,,,1,0,0,0,0,11888,8411.843876177658,100000,116.66928,54,8151,324,494,100000

66,avg-run,1000,true,uniform,READ,77700,1212248,23.7,33.3,,,,,,1,0,0,0,0,8092,12357.884330202669,100000,79.01187,51,7731,100,122,100000

67,extend,1000,true,uniform,EXTEND,135192,1908936,23.7,33.2,,,,,,0,0,0,0,1,39747,251.59131506780386,10000,3954.4711,1488,138495,5183,5627,10000

67,run,1000,true,uniform,READ,135192,1908936,23.7,33.2,,,,,,1,0,0,0,0,12007,8328.475056217207,100000,117.90517,54,8471,337,494,100000

67,reference,1000,true,uniform,READ,135192,1908936,23.7,33.2,,,,,,1,0,0,0,0,4349,22993.791676247412,100000,41.63906,27,9103,55,69,100000

67,clean-run,1000,true,uniform,READ,129184,1972724,23.8,33.3,,,,,,1,0,0,0,0,8999,11112.3458162018,100000,87.99742,50,8815,116,276,100000

67,avg-run,1000,true,uniform,READ,163264,2036068,23.8,33.3,,,,,,1,0,0,0,0,9325,10723.860589812333,100000,91.14597,59,9895,115,353,100000

68,extend,1000,true,uniform,EXTEND,178752,2732592,23.8,33.3,,,,,,0,0,0,0,1,38600,259.0673575129534,10000,3841.025,1443,142719,5183,5663,10000

68,run,1000,true,uniform,READ,178752,2732592,23.8,33.3,,,,,,1,0,0,0,0,9446,10586.491636671608,100000,92.44753,54,8335,119,291,100000

68,reference,1000,true,uniform,READ,178752,2732592,23.8,33.3,,,,,,1,0,0,0,0,4394,22758.30678197542,100000,42.06089,27,9127,54,70,100000

68,clean-run,1000,true,uniform,READ,175476,2796508,23.8,33.3,,,,,,1,0,0,0,0,9332,10715.816545220745,100000,91.33671,52,9183,117,248,100000

68,avg-run,1000,true,uniform,READ,228004,2859852,23.9,33.3,,,,,,1,0,0,0,0,8725,11461.31805157593,100000,85.2592,57,9271,111,162,100000

69,extend,1000,true,uniform,EXTEND,180872,3492824,23.8,33.3,,,,,,0,0,0,0,1,40396,247.54926230319833,10000,4020.1744,1391,167935,5179,5595,10000

69,run,1000,true,uniform,READ,180872,3492824,23.9,33.3,,,,,,1,0,0,0,0,9319,10730.765103551883,100000,91.14515,53,8759,117,326,100000

69,reference,1000,true,uniform,READ,180872,3492824,23.9,33.3,,,,,,1,0,0,0,0,4349,22993.791676247412,100000,41.65525,28,8991,55,70,100000

69,clean-run,1000,true,uniform,READ,219764,3620572,23.9,33.4,,,,,,1,0,0,0,0,8874,11268.87536623845,100000,86.76234,52,8103,114,271,100000

69,avg-run,1000,true,uniform,READ,131256,3683756,23.9,33.4,,,,,,1,0,0,0,0,8302,12045.290291496025,100000,81.10106,52,8319,104,142,100000

70,extend,1000,true,uniform,EXTEND,264400,135260,23.9,33.4,,,,,,0,0,0,0,1,38994,256.44971021182744,10000,3879.6115,1445,151551,5123,5551,10000

70,run,1000,true,uniform,READ,264400,135260,24.0,33.4,,,,,,1,0,0,0,0,9694,10315.659170621002,100000,95.02735,54,7739,125,342,100000

70,reference,1000,true,uniform,READ,264400,135260,24.0,33.4,,,,,,1,0,0,0,0,4139,24160.425223483933,100000,39.60362,27,9071,53,69,100000

70,clean-run,1000,true,uniform,READ,132444,198800,24.0,33.4,,,,,,1,0,0,0,0,9351,10694.043417816276,100000,91.60645,54,7923,121,310,100000

70,avg-run,1000,true,uniform,READ,185868,261832,24.0,33.4,,,,,,1,0,0,0,0,8278,12080.212611741967,100000,80.95604,52,8519,104,140,100000

71,extend,1000,true,uniform,EXTEND,142988,957924,24.0,33.4,,,,,,0,0,0,0,1,39351,254.1231480775584,10000,3916.0299,1457,136959,5223,5655,10000

71,run,1000,true,uniform,READ,142988,957924,24.0,33.4,,,,,,1,0,0,0,0,12558,7963.051441312311,100000,123.30104,58,7939,345,496,100000

71,reference,1000,true,uniform,READ,142988,957924,24.1,33.4,,,,,,1,0,0,0,0,4508,22182.78615794144,100000,43.18498,27,8559,56,69,100000

71,clean-run,1000,true,uniform,READ,134828,1021744,24.1,33.4,,,,,,1,0,0,0,0,11394,8776.54906090925,100000,111.76457,52,8663,177,438,100000

71,avg-run,1000,true,uniform,READ,171328,1085060,24.1,33.4,,,,,,1,0,0,0,0,8502,11761.938367442955,100000,83.03429,54,9119,107,132,100000

72,extend,1000,true,uniform,EXTEND,187112,1781436,24.1,33.4,,,,,,0,0,0,0,1,38906,257.02976404667663,10000,3871.3788,1495,161791,5167,5695,10000

72,run,1000,true,uniform,READ,187112,1781436,24.1,33.4,,,,,,1,0,0,0,0,13461,7428.868583314761,100000,132.29399,56,8631,365,546,100000

72,reference,1000,true,uniform,READ,187112,1781436,24.1,33.4,,,,,,1,0,0,0,0,4570,21881.83807439825,100000,43.92295,28,7867,56,68,100000

72,clean-run,1000,true,uniform,READ,167580,1844868,24.2,33.4,,,,,,1,0,0,0,0,10297,9711.566475672525,100000,100.8227,52,9375,144,398,100000

72,avg-run,1000,true,uniform,READ,145372,1971324,24.2,33.4,,,,,,1,0,0,0,0,8675,11527.377521613833,100000,84.71181,57,9983,113,177,100000

73,extend,1000,true,uniform,EXTEND,274040,2667564,24.2,33.6,,,,,,0,0,0,0,1,39706,251.8511056263537,10000,3951.1667,1476,153599,5239,5759,10000

73,run,1000,true,uniform,READ,274040,2667564,24.2,33.6,,,,,,1,0,0,0,0,9933,10067.451927917044,100000,97.32912,55,8583,130,366,100000

73,reference,1000,true,uniform,READ,274040,2667564,24.2,33.6,,,,,,1,0,0,0,0,4461,22416.498542927595,100000,42.75323,28,7751,55,68,100000

73,clean-run,1000,true,uniform,READ,115060,2731084,24.3,33.6,,,,,,1,0,0,0,0,9554,10466.820180029306,100000,93.59078,54,7891,123,301,100000

73,avg-run,1000,true,uniform,READ,145480,2794344,24.3,33.6,,,,,,1,0,0,0,0,8028,12456.402590931739,100000,78.32794,52,7639,105,132,100000

74,extend,1000,true,uniform,EXTEND,190536,3553604,24.3,33.6,,,,,,0,0,0,0,1,39973,250.16886398318866,10000,3977.7156,1467,135807,5307,5783,10000

74,run,1000,true,uniform,READ,190536,3553604,24.3,33.6,,,,,,1,0,0,0,0,9942,10058.338362502514,100000,97.43566,56,8551,135,386,100000

74,reference,1000,true,uniform,READ,190536,3553604,24.3,33.6,,,,,,1,0,0,0,0,4080,24509.803921568626,100000,38.92339,23,8079,53,70,100000

74,clean-run,1000,true,uniform,READ,180956,3617004,24.3,33.6,,,,,,1,0,0,0,0,9736,10271.158586688578,100000,95.29494,53,8083,127,355,100000

74,avg-run,1000,true,uniform,READ,222352,3680232,24.4,33.5,,,,,,1,0,0,0,0,8451,11832.919181161993,100000,82.56719,51,8799,107,148,100000

75,extend,1000,true,uniform,EXTEND,279208,243788,24.3,33.5,,,,,,0,0,0,0,1,38957,256.69327720307007,10000,3876.3408,1528,215807,5179,5695,10000

75,run,1000,true,uniform,READ,279208,243788,24.4,33.5,,,,,,1,0,0,0,0,11191,8935.751943526047,100000,109.8079,57,9455,185,431,100000

75,reference,1000,true,uniform,READ,279208,243788,24.4,33.5,,,,,,1,0,0,0,0,4514,22153.300841825432,100000,43.32977,28,7955,56,68,100000

75,clean-run,1000,true,uniform,READ,128804,307316,24.4,33.6,,,,,,1,0,0,0,0,10290,9718.172983479106,100000,100.88968,59,8099,150,386,100000

75,avg-run,1000,true,uniform,READ,169112,370636,24.4,33.6,,,,,,1,0,0,0,0,9079,11014.428901861438,100000,88.82366,59,9095,114,181,100000

76,extend,1000,true,uniform,EXTEND,195384,1130160,24.4,33.6,,,,,,0,0,0,0,1,38293,261.1443344736636,10000,3808.4236,1477,179967,5235,5703,10000

76,run,1000,true,uniform,READ,195384,1130160,24.5,33.6,,,,,,1,0,0,0,0,13289,7525.020693806908,100000,130.69059,55,8003,356,536,100000

76,reference,1000,true,uniform,READ,195384,1130160,24.5,33.6,,,,,,1,0,0,0,0,4303,23239.600278875205,100000,41.16443,27,7883,55,70,100000

76,clean-run,1000,true,uniform,READ,181636,1194208,24.5,33.6,,,,,,1,0,0,0,0,12872,7768.800497203232,100000,126.47093,58,8155,352,521,100000

76,avg-run,1000,true,uniform,READ,209676,1257396,24.5,33.5,,,,,,1,0,0,0,0,8688,11510.12891344383,100000,84.96027,54,8807,110,147,100000

77,extend,1000,true,uniform,EXTEND,281188,2016216,24.5,33.5,,,,,,0,0,0,0,1,40068,249.5757212738345,10000,3987.4837,1491,193791,5231,5795,10000

77,run,1000,true,uniform,READ,281188,2016216,24.6,33.5,,,,,,1,0,0,0,0,14079,7102.777185879679,100000,138.43056,55,8423,380,563,100000

77,reference,1000,true,uniform,READ,281188,2016216,24.6,33.5,,,,,,1,0,0,0,0,4609,21696.68040789759,100000,44.25005,27,8375,56,70,100000

77,clean-run,1000,true,uniform,READ,95916,2079980,24.6,33.6,,,,,,1,0,0,0,0,12793,7816.774798718049,100000,125.56278,56,9567,355,524,100000

77,avg-run,1000,true,uniform,READ,162632,2206476,24.6,33.6,,,,,,1,0,0,0,0,9122,10962.508221881166,100000,89.31837,57,7919,114,172,100000

78,extend,1000,true,uniform,EXTEND,244704,2965792,24.6,33.6,,,,,,0,0,0,0,1,39138,255.50615769840053,10000,3893.9976,1561,158975,5283,5791,10000

78,run,1000,true,uniform,READ,244704,2965792,24.6,33.6,,,,,,1,0,0,0,0,13957,7164.863509350147,100000,137.07443,60,10047,371,571,100000

78,reference,1000,true,uniform,READ,244704,2965792,24.7,33.6,,,,,,1,0,0,0,0,4544,22007.042253521126,100000,43.64404,27,7383,57,72,100000

78,clean-run,1000,true,uniform,READ,229368,3029344,24.7,33.5,,,,,,1,0,0,0,0,10696,9349.289454001497,100000,104.97142,56,8187,163,397,100000

78,avg-run,1000,true,uniform,READ,110924,3092620,24.7,33.6,,,,,,1,0,0,0,0,9294,10759.629868732516,100000,91.05541,61,8599,114,185,100000

79,extend,1000,true,uniform,EXTEND,202392,3915480,24.7,33.6,,,,,,0,0,0,0,1,37072,269.74536037980147,10000,3687.1629,1582,120383,5307,6507,10000

79,run,1000,true,uniform,READ,202392,3915480,24.7,33.6,,,,,,1,0,0,0,0,11660,8576.329331046312,100000,114.42522,58,7367,283,483,100000

79,reference,1000,true,uniform,READ,202392,3915480,24.7,33.6,,,,,,1,0,0,0,0,4488,22281.63992869875,100000,43.10829,27,8927,55,70,100000

79,clean-run,1000,true,uniform,READ,188780,3979120,24.8,33.6,,,,,,1,0,0,0,0,11371,8794.30129276229,100000,111.55619,55,8191,187,434,100000

79,avg-run,1000,true,uniform,READ,234728,4042264,24.8,33.5,,,,,,1,0,0,0,0,8693,11503.508570113885,100000,85.00005,55,8335,114,162,100000

80,extend,1000,true,uniform,EXTEND,292232,578144,24.8,33.5,,,,,,0,0,0,0,1,38670,258.5983966899405,10000,3848.6641,1535,229247,5247,5711,10000

80,run,1000,true,uniform,READ,292232,578144,24.8,33.5,,,,,,1,0,0,0,0,13186,7583.801001061732,100000,129.53312,59,10743,348,490,100000

80,reference,1000,true,uniform,READ,292232,578144,24.8,33.5,,,,,,1,0,0,0,0,4409,22680.880018144704,100000,42.12374,27,9255,55,69,100000

80,clean-run,1000,true,uniform,READ,147944,705816,24.9,33.6,,,,,,1,0,0,0,0,13186,7583.801001061732,100000,129.59992,57,8719,356,497,100000

80,avg-run,1000,true,uniform,READ,197552,769072,24.9,33.6,,,,,,1,0,0,0,0,8425,11869.436201780416,100000,82.35384,53,9487,110,151,100000

81,extend,1000,true,uniform,EXTEND,291368,1591232,24.9,33.6,,,,,,0,0,0,0,1,39251,254.77057909352627,10000,3904.9442,1531,174591,5267,5819,10000

81,run,1000,true,uniform,READ,291368,1591232,24.9,33.6,,,,,,1,0,0,0,0,14008,7138.777841233581,100000,137.75135,59,8495,371,528,100000

81,reference,1000,true,uniform,READ,291368,1591232,24.9,33.6,,,,,,1,0,0,0,0,4513,22158.209616662974,100000,43.20277,27,9159,55,73,100000

81,clean-run,1000,true,uniform,READ,141576,1654824,25.0,33.6,,,,,,1,0,0,0,0,13696,7301.401869158878,100000,134.58839,60,9119,365,561,100000

81,avg-run,1000,true,uniform,READ,182980,1718192,25.0,33.6,,,,,,1,0,0,0,0,9091,10999.89000109999,100000,88.87989,61,9919,118,182,100000

82,extend,1000,true,uniform,EXTEND,252616,2540452,25.0,33.6,,,,,,0,0,0,0,1,36885,271.112918530568,10000,3669.2767,1571,178303,5283,5843,10000

82,run,1000,true,uniform,READ,252616,2540452,25.0,33.6,,,,,,1,0,0,0,0,13963,7161.784716751415,100000,137.39387,61,7599,369,510,100000

82,reference,1000,true,uniform,READ,252616,2540452,25.0,33.6,,,,,,1,0,0,0,0,4447,22487.069934787498,100000,42.53878,27,8975,56,69,100000

82,clean-run,1000,true,uniform,READ,232760,2603724,25.1,33.6,,,,,,1,0,0,0,0,13981,7152.564194263644,100000,137.39826,57,8271,376,573,100000

82,avg-run,1000,true,uniform,READ,104928,2666880,25.1,33.6,,,,,,1,0,0,0,0,8938,11188.185276348177,100000,87.42849,57,8743,115,146,100000

83,extend,1000,true,uniform,EXTEND,209828,3489076,25.1,33.6,,,,,,0,0,0,0,1,38021,263.0125456984298,10000,3782.9907,1540,227071,5335,5851,10000

83,run,1000,true,uniform,READ,209828,3489076,25.1,33.6,,,,,,1,0,0,0,0,13622,7341.065922771986,100000,133.92927,59,7999,356,505,100000

83,reference,1000,true,uniform,READ,209828,3489076,25.1,33.6,,,,,,1,0,0,0,0,4046,24715.768660405338,100000,38.66477,27,7763,52,66,100000

83,clean-run,1000,true,uniform,READ,241408,3616148,25.1,33.6,,,,,,1,0,0,0,0,13333,7500.187504687618,100000,130.88347,61,8743,345,496,100000

83,avg-run,1000,true,uniform,READ,137124,3679204,25.2,33.6,,,,,,1,0,0,0,0,8518,11739.845034045551,100000,83.22042,57,7811,111,160,100000

84,extend,1000,true,uniform,EXTEND,212772,261652,25.2,33.6,,,,,,0,0,0,0,1,37632,265.7312925170068,10000,3744.3888,1583,228863,5367,6075,10000

84,run,1000,true,uniform,READ,212772,261652,25.2,33.6,,,,,,1,0,0,0,0,14187,7048.706562345809,100000,139.56433,61,7931,373,565,100000

84,reference,1000,true,uniform,READ,212772,261652,25.2,33.6,,,,,,1,0,0,0,0,4363,22920.009168003668,100000,41.70518,27,8671,55,71,100000

84,clean-run,1000,true,uniform,READ,188096,325448,25.2,33.6,,,,,,1,0,0,0,0,12819,7800.920508620017,100000,126.02295,58,8735,350,486,100000

84,avg-run,1000,true,uniform,READ,157752,451756,25.3,33.6,,,,,,1,0,0,0,0,9302,10750.376263169212,100000,91.01547,60,8687,118,214,100000

85,extend,1000,true,uniform,EXTEND,214672,1274388,25.3,33.6,,,,,,0,0,0,0,1,39002,256.39710784062356,10000,3880.4249,1561,175231,5351,5915,10000

85,run,1000,true,uniform,READ,214672,1274388,25.3,33.6,,,,,,1,0,0,0,0,13710,7293.946024799417,100000,134.70965,59,9111,356,488,100000

85,reference,1000,true,uniform,READ,214672,1274388,25.3,33.6,,,,,,1,0,0,0,0,4518,22133.68747233289,100000,43.3285,27,7947,55,70,100000

85,clean-run,1000,true,uniform,READ,190908,1337596,25.3,33.6,,,,,,1,0,0,0,0,13392,7467.144563918758,100000,131.64628,61,9719,364,542,100000

85,avg-run,1000,true,uniform,READ,166732,1464168,25.4,33.6,,,,,,1,0,0,0,0,9650,10362.694300518135,100000,94.38707,63,9327,121,298,100000

86,extend,1000,true,uniform,EXTEND,217108,2286292,25.3,33.6,,,,,,0,0,0,0,1,39121,255.61718769970093,10000,3893.4686,1548,177023,5335,5899,10000

86,run,1000,true,uniform,READ,217108,2286292,25.4,33.6,,,,,,1,0,0,0,0,12276,8145.9758879113715,100000,120.45659,60,8607,300,490,100000

86,reference,1000,true,uniform,READ,217108,2286292,25.4,33.6,,,,,,1,0,0,0,0,4345,23014.959723820484,100000,41.64556,27,8139,54,69,100000

86,clean-run,1000,true,uniform,READ,193492,2350524,25.4,33.6,,,,,,1,0,0,0,0,11509,8688.852202624033,100000,112.9813,57,9215,178,441,100000

86,avg-run,1000,true,uniform,READ,164456,2477224,25.5,33.6,,,,,,1,0,0,0,0,9553,10467.915837956663,100000,93.55366,62,9087,120,211,100000

87,extend,1000,true,uniform,EXTEND,217792,3299324,25.4,33.6,,,,,,0,0,0,0,1,37782,264.6763008840189,10000,3759.4912,1603,266751,5335,5831,10000

87,run,1000,true,uniform,READ,217792,3299324,25.5,33.6,,,,,,1,0,0,0,0,14923,6701.0654694096365,100000,146.69302,61,8139,391,598,100000

87,reference,1000,true,uniform,READ,217792,3299324,25.5,33.6,,,,,,1,0,0,0,0,4357,22951.572182694516,100000,41.67705,26,8095,54,71,100000

87,clean-run,1000,true,uniform,READ,249992,3426764,25.5,33.6,,,,,,1,0,0,0,0,15348,6515.506906437321,100000,150.93776,62,7623,402,611,100000

87,avg-run,1000,true,uniform,READ,149784,3490144,25.5,33.6,,,,,,1,0,0,0,0,9025,11080.3324099723,100000,88.29129,57,7695,115,174,100000

88,extend,1000,true,uniform,EXTEND,264272,180032,25.5,33.6,,,,,,0,0,0,0,1,38378,260.56594924175306,10000,3819.0465,1582,175231,5331,5831,10000

88,run,1000,true,uniform,READ,264272,180032,25.6,33.6,,,,,,1,0,0,0,0,15755,6347.19136781974,100000,154.99723,61,9607,405,620,100000

88,reference,1000,true,uniform,READ,264272,180032,25.6,33.6,,,,,,1,0,0,0,0,4266,23441.16268166901,100000,40.81369,27,9607,55,72,100000

88,clean-run,1000,true,uniform,READ,242072,244052,25.6,33.6,,,,,,1,0,0,0,0,12764,7834.534628643059,100000,125.37499,62,9415,346,514,100000

88,avg-run,1000,true,uniform,READ,123752,307372,25.6,33.6,,,,,,1,0,0,0,0,9138,10943.31363536879,100000,89.28945,59,8791,115,163,100000

89,extend,1000,true,uniform,EXTEND,268800,1192516,25.6,33.6,,,,,,0,0,0,0,1,39211,255.03047614189896,10000,3902.5678,1610,194943,5383,5939,10000

89,run,1000,true,uniform,READ,268800,1192516,25.7,33.6,,,,,,1,0,0,0,0,15796,6330.7166371233225,100000,155.53316,67,9119,399,602,100000

89,reference,1000,true,uniform,READ,268800,1192516,25.7,33.6,,,,,,1,0,0,0,0,4485,22296.54403567447,100000,43.04388,27,7523,55,68,100000

89,clean-run,1000,true,uniform,READ,300452,1320000,25.7,33.6,,,,,,1,0,0,0,0,15236,6563.402467839328,100000,149.91566,62,8151,390,612,100000

89,avg-run,1000,true,uniform,READ,149400,1383420,25.7,33.6,,,,,,1,0,0,0,0,9046,11054.609772275038,100000,88.39186,56,8807,114,165,100000

90,extend,1000,true,uniform,EXTEND,270732,2268776,25.7,33.6,,,,,,0,0,0,0,1,37586,266.0565104028096,10000,3739.986,1620,226815,5335,6155,10000

90,run,1000,true,uniform,READ,270732,2268776,25.8,33.6,,,,,,1,0,0,0,0,15854,6307.556452630251,100000,156.03508,64,8735,396,608,100000

90,reference,1000,true,uniform,READ,270732,2268776,25.8,33.6,,,,,,1,0,0,0,0,4223,23679.848448969926,100000,40.32944,27,8127,54,69,100000

90,clean-run,1000,true,uniform,READ,241328,2332096,25.8,33.6,,,,,,1,0,0,0,0,15113,6616.819956328988,100000,148.74787,64,8327,383,558,100000

90,avg-run,1000,true,uniform,READ,163576,2458944,25.8,33.6,,,,,,1,0,0,0,0,9317,10733.068584308254,100000,91.166,59,9663,119,182,100000

91,extend,1000,true,uniform,EXTEND,315444,3344296,25.8,33.6,,,,,,0,0,0,0,1,37148,269.19349628512975,10000,3696.2036,1629,196863,5243,5967,10000

91,run,1000,true,uniform,READ,315444,3344296,25.9,33.6,,,,,,1,0,0,0,0,13240,7552.870090634441,100000,129.99195,66,7983,348,490,100000

91,reference,1000,true,uniform,READ,315444,3344296,25.9,33.6,,,,,,1,0,0,0,0,4446,22492.12775528565,100000,42.64565,27,8567,55,69,100000

91,clean-run,1000,true,uniform,READ,129344,3408308,25.9,33.6,,,,,,1,0,0,0,0,13397,7464.3576920206015,100000,131.69686,63,9071,330,485,100000

91,avg-run,1000,true,uniform,READ,202432,3535096,25.9,33.6,,,,,,1,0,0,0,0,10195,9808.72976949485,100000,99.96199,65,9015,130,355,100000

92,extend,1000,true,uniform,EXTEND,184008,198668,25.9,33.6,,,,,,0,0,0,0,1,38948,256.75259320119136,10000,3875.4215,1652,191871,5407,6003,10000

92,run,1000,true,uniform,READ,184008,198668,26.0,33.6,,,,,,1,0,0,0,0,14222,7031.35986499789,100000,139.8003,65,8447,363,520,100000

92,reference,1000,true,uniform,READ,184008,198668,26.0,33.6,,,,,,1,0,0,0,0,4356,22956.84113865932,100000,41.71062,27,7779,54,69,100000

92,clean-run,1000,true,uniform,READ,150764,262580,26.0,33.6,,,,,,1,0,0,0,0,15629,6398.362019323054,100000,153.77911,63,8271,399,589,100000

92,avg-run,1000,true,uniform,READ,277840,389660,26.0,33.6,,,,,,1,0,0,0,0,9309,10742.29240519927,100000,91.11364,59,8183,119,208,100000

93,extend,1000,true,uniform,EXTEND,231492,1274904,26.0,33.6,,,,,,0,0,0,0,1,40605,246.27508927471987,10000,4040.826,1689,258687,5551,6243,10000

93,run,1000,true,uniform,READ,231492,1274904,26.1,33.6,,,,,,1,0,0,0,0,14852,6733.099919202801,100000,146.07391,64,7871,375,573,100000

93,reference,1000,true,uniform,READ,231492,1274904,26.1,33.6,,,,,,1,0,0,0,0,4141,24148.756339048537,100000,39.57383,27,7727,53,67,100000

93,clean-run,1000,true,uniform,READ,252760,1401968,26.1,33.6,,,,,,1,0,0,0,0,12720,7861.635220125786,100000,124.97006,61,8079,313,476,100000

93,avg-run,1000,true,uniform,READ,135400,1465320,26.1,33.6,,,,,,1,0,0,0,0,10237,9768.486861385172,100000,100.33275,68,9271,131,318,100000

94,extend,1000,true,uniform,EXTEND,325200,2413052,26.1,33.6,,,,,,0,0,0,0,1,38412,260.33531188170366,10000,3821.8482,1650,220799,5315,5923,10000

94,run,1000,true,uniform,READ,325200,2413052,26.1,33.6,,,,,,1,0,0,0,0,14209,7037.792948131466,100000,139.87372,65,7903,378,574,100000

94,reference,1000,true,uniform,READ,325200,2413052,26.1,33.6,,,,,,1,0,0,0,0,4102,24378.35202340322,100000,39.1084,27,8167,52,67,100000

94,clean-run,1000,true,uniform,READ,131296,2476988,26.2,33.6,,,,,,1,0,0,0,0,14038,7123.521869212139,100000,137.93726,64,8879,381,581,100000

94,avg-run,1000,true,uniform,READ,200260,2603568,26.2,33.6,,,,,,1,0,0,0,0,9763,10242.753252074157,100000,95.59317,61,7887,123,267,100000

95,extend,1000,true,uniform,EXTEND,235956,3552228,26.2,33.6,,,,,,0,0,0,0,1,37057,269.85454839841327,10000,3686.3472,1638,234879,5339,6147,10000

95,run,1000,true,uniform,READ,235956,3552228,26.2,33.6,,,,,,1,0,0,0,0,15593,6413.134098634003,100000,153.47086,63,7935,387,570,100000

95,reference,1000,true,uniform,READ,235956,3552228,26.2,33.6,,,,,,1,0,0,0,0,4364,22914.757103574702,100000,41.83124,27,7855,54,69,100000

95,clean-run,1000,true,uniform,READ,205876,3615520,26.3,33.6,,,,,,1,0,0,0,0,14780,6765.899864682003,100000,145.42897,64,8655,381,577,100000

95,avg-run,1000,true,uniform,READ,183168,3742076,26.3,33.6,,,,,,1,0,0,0,0,10558,9471.490812653912,100000,103.5816,68,9119,130,335,100000

96,extend,1000,true,uniform,EXTEND,330428,494348,26.3,33.6,,,,,,0,0,0,0,1,38558,259.3495513252762,10000,3836.2604,1631,250879,5475,6055,10000

96,run,1000,true,uniform,READ,330428,494348,26.3,33.6,,,,,,1,0,0,0,0,13370,7479.431563201197,100000,131.49798,70,7935,342,499,100000

96,reference,1000,true,uniform,READ,330428,494348,26.3,33.6,,,,,,1,0,0,0,0,4244,23562.6767200754,100000,40.573,27,8927,54,70,100000

96,clean-run,1000,true,uniform,READ,157788,558200,26.4,33.7,,,,,,1,0,0,0,0,14365,6961.364427427776,100000,141.31159,65,9159,356,533,100000

96,avg-run,1000,true,uniform,READ,249152,684608,26.4,33.7,,,,,,1,0,0,0,0,9523,10500.89257586895,100000,93.17282,60,9111,119,200,100000

97,extend,1000,true,uniform,EXTEND,240372,1632936,26.4,33.7,,,,,,0,0,0,0,1,36145,276.66343892654584,10000,3595.218,1643,223615,5423,6219,10000

97,run,1000,true,uniform,READ,240372,1632936,26.4,33.7,,,,,,1,0,0,0,0,15150,6600.660066006601,100000,149.14034,65,7723,375,542,100000

97,reference,1000,true,uniform,READ,240372,1632936,26.4,33.7,,,,,,1,0,0,0,0,4489,22276.67631989307,100000,42.87019,27,10071,55,68,100000

97,clean-run,1000,true,uniform,READ,208840,1696448,26.5,33.7,,,,,,1,0,0,0,0,15460,6468.30530401035,100000,152.14101,71,7847,396,593,100000

97,avg-run,1000,true,uniform,READ,183760,1822860,26.5,33.7,,,,,,1,0,0,0,0,9846,10156.408693885842,100000,96.44437,62,9407,126,317,100000

98,extend,1000,true,uniform,EXTEND,334860,2771364,26.5,33.7,,,,,,0,0,0,0,1,39129,255.56492626951876,10000,3893.3814,1605,188671,5511,6099,10000

98,run,1000,true,uniform,READ,334860,2771364,26.5,33.7,,,,,,1,0,0,0,0,13559,7375.17516041006,100000,133.34063,69,8067,348,502,100000

98,reference,1000,true,uniform,READ,334860,2771364,26.5,33.7,,,,,,1,0,0,0,0,4200,23809.52380952381,100000,40.14349,27,13815,55,71,100000

98,clean-run,1000,true,uniform,READ,136896,2834980,26.6,33.7,,,,,,1,0,0,0,0,12866,7772.4234416291,100000,126.37839,67,8471,302,483,100000

98,avg-run,1000,true,uniform,READ,203336,2961260,26.6,33.7,,,,,,1,0,0,0,0,9571,10448.229025180231,100000,93.61762,60,8447,120,205,100000

99,extend,1000,true,uniform,EXTEND,244012,3909740,26.6,33.7,,,,,,0,0,0,0,1,39885,250.72082236429736,10000,3969.8808,1623,202495,5431,6159,10000

99,run,1000,true,uniform,READ,244012,3909740,26.6,33.7,,,,,,1,0,0,0,0,13455,7432.181345224823,100000,132.17033,69,8831,315,475,100000

99,reference,1000,true,uniform,READ,244012,3909740,26.6,33.7,,,,,,1,0,0,0,0,4377,22846.69865204478,100000,42.0241,27,8279,55,69,100000

99,clean-run,1000,true,uniform,READ,260924,4036496,26.6,33.7,,,,,,1,0,0,0,0,13922,7182.876023559834,100000,136.84713,72,8367,358,530,100000

99,avg-run,1000,true,uniform,READ,137288,4099584,26.7,33.7,,,,,,1,0,0,0,0,10707,9339.68431867003,100000,105.01673,68,9935,137,404,100000

100,extend,1000,true,uniform,EXTEND,199640,893616,26.7,33.7,,,,,,0,0,0,0,1,37084,269.65807356272245,10000,3689.1812,1667,257407,5435,6319,10000

100,run,1000,true,uniform,READ,199640,893616,26.7,33.7,,,,,,1,0,0,0,0,13771,7261.6367729286185,100000,135.44177,72,8055,362,556,100000

100,reference,1000,true,uniform,READ,199640,893616,26.7,33.7,,,,,,1,0,0,0,0,4574,21862.702229995626,100000,43.79621,27,9319,56,71,100000

100,clean-run,1000,true,uniform,READ,223276,1020756,26.7,33.7,,,,,,1,0,0,0,0,14317,6984.703499336453,100000,140.62614,65,9671,368,534,100000

100,avg-run,1000,true,uniform,READ,280176,1083712,26.8,33.7,,,,,,1,0,0,0,0,10302,9706.853038245,100000,101.06184,65,8191,131,279,100000

