Epoch,Phase,Recordcount,Readallfields,Requestdist,Operation,btree_height,adaptive_hash_hash_searches,adaptive_hash_non_hash_searches,background_log_sync,buffer_pool_dump_status,buffer_pool_load_status,buffer_pool_resize_status,buffer_pool_load_incomplete,buffer_pool_pages_data,buffer_pool_bytes_data,buffer_pool_pages_dirty,buffer_pool_bytes_dirty,buffer_pool_pages_flushed,buffer_pool_pages_free,buffer_pool_pages_made_not_young,buffer_pool_pages_made_young,buffer_pool_pages_misc,buffer_pool_pages_old,buffer_pool_pages_total,buffer_pool_pages_lru_flushed,buffer_pool_pages_lru_freed,buffer_pool_pages_split,buffer_pool_read_ahead_rnd,buffer_pool_read_ahead,buffer_pool_read_ahead_evicted,buffer_pool_read_requests,buffer_pool_reads,buffer_pool_wait_free,buffer_pool_write_requests,checkpoint_age,checkpoint_max_age,data_fsyncs,data_pending_fsyncs,data_pending_reads,data_pending_writes,data_read,data_reads,data_writes,data_written,dblwr_pages_written,dblwr_writes,deadlocks,history_list_length,ibuf_discarded_delete_marks,ibuf_discarded_deletes,ibuf_discarded_inserts,ibuf_free_list,ibuf_merged_delete_marks,ibuf_merged_deletes,ibuf_merged_inserts,ibuf_merges,ibuf_segment_size,ibuf_size,log_waits,log_write_requests,log_writes,lsn_current,lsn_flushed,lsn_last_checkpoint,master_thread_active_loops,master_thread_idle_loops,max_trx_id,mem_adaptive_hash,mem_dictionary,os_log_written,page_size,pages_created,pages_read,pages_written,row_lock_current_waits,row_lock_time,row_lock_time_avg,row_lock_time_max,row_lock_waits,num_open_files,truncated_status_writes,available_undo_logs,undo_truncations,page_compression_saved,num_pages_page_compressed,num_page_compressed_trim_op,num_pages_page_decompressed,num_pages_page_compression_error,num_pages_encrypted,num_pages_decrypted,have_lz4,have_lzo,have_lzma,have_bzip2,have_snappy,have_punch_hole,defragment_compression_failures,defragment_failures,defragment_count,instant_alter_column,onlineddl_rowlog_rows,onlineddl_rowlog_pct_used,onlineddl_pct_progress,encryption_rotation_pages_read_from_cache,encryption_rotation_pages_read_from_disk,encryption_rotation_pages_modified,encryption_rotation_pages_flushed,encryption_rotation_estimated_iops,encryption_n_merge_blocks_encrypted,encryption_n_merge_blocks_decrypted,encryption_n_rowlog_blocks_encrypted,encryption_n_rowlog_blocks_decrypted,encryption_n_temp_blocks_encrypted,encryption_n_temp_blocks_decrypted,encryption_num_key_requests,Readprop,Updateprop,Scanprop,Insertprop,Extendprop,Runtime(ms),Throughput(ops/sec),Operations,AverageLatency(us),MinLatency(us),MaxLatency(us),95thPercentileLatency(us),99thPercentileLatency(us),Return=OK,
1,spread-run,20000,true,uniform,READ,1,0,0,457,,Buffer,,OFF,4426,72515584,4273,70008832,4260,255158,4731,4897,0,1613,259584,0,0,2102,0,0,0,1462610,10203,0,563392,46607646,80819529,20117,0,0,0,167165952,10220,24323,129089536,3619,31,0,0,0,0,0,0,0,0,0,0,2,1,0,402838,20023,2871358337857,2871358337857,2871311730211,0,457,278103666,0,26579112,146361779,16384,4724,10203,4260,0,0,0,0,0,6,0,128,0,0,0,0,0,0,0,0,ON,ON,ON,ON,ON,ON,0,0,0,0,0,0,0,0,0,0,0,0,0,0,0,0,0,0,0,1,0,0,0,0,3914,25549.31016862545,100000,37.29029,21,9255,48,62,100000

2,spread-run,30000,true,uniform,READ,2,0,0,475,,Buffer,,OFF,3390,55541760,375,6144000,7433,256194,4738,33500,0,1231,259584,0,0,3159,0,0,0,2003421,10203,0,666894,413109,80819529,30136,0,0,0,167165952,10220,37507,184926208,3854,33,0,0,0,0,0,0,0,0,0,0,2,1,0,452864,30028,2871382869271,2871382869271,2871382456162,0,475,278123668,0,26579112,170893193,16384,7223,10203,7433,0,0,0,0,0,6,0,128,0,0,0,0,0,0,0,0,ON,ON,ON,ON,ON,ON,0,0,0,0,0,0,0,0,0,0,0,0,0,0,0,0,0,0,0,1,0,0,0,0,3992,25050.1002004008,100000,38.09652,21,7747,49,64,100000

3,spread-run,40000,true,uniform,READ,2,0,0,492,,Buffer,,OFF,5688,93192192,5319,87146496,7433,253896,4742,51113,0,2079,259584,0,0,4227,0,0,0,2561596,10203,0,773997,25331010,80819529,40138,0,0,0,167165952,10220,47509,184926208,3854,33,0,0,0,0,0,0,0,0,0,0,2,1,0,502888,40030,2871407787172,2871407787172,2871382456162,0,492,278143670,0,26579112,195811094,16384,9521,10203,7433,0,0,0,0,0,6,0,128,0,0,0,0,0,0,0,0,ON,ON,ON,ON,ON,ON,0,0,0,0,0,0,0,0,0,0,0,0,0,0,0,0,0,0,0,1,0,0,0,0,3817,26198.585276395075,100000,36.24597,22,8991,47,63,100000

4,spread-run,50000,true,uniform,READ,2,0,0,510,,Buffer,,OFF,7967,130531328,7790,127631360,7433,251617,4742,59720,0,2920,259584,0,0,5357,0,0,0,3115855,10203,0,880194,50734744,80819529,50141,0,0,0,167165952,10220,57512,184926208,3854,33,0,0,0,0,0,0,0,0,0,0,2,1,0,552910,50033,2871433190906,2871433190906,2871382456162,0,510,278163672,0,26579112,221214828,16384,11800,10203,7433,0,0,0,0,0,6,0,128,0,0,0,0,0,0,0,0,ON,ON,ON,ON,ON,ON,0,0,0,0,0,0,0,0,0,0,0,0,0,0,0,0,0,0,0,1,0,0,0,0,3993,25043.826696719258,100000,38.10046,21,7823,49,65,100000

5,spread-run,60000,true,uniform,READ,2,0,0,527,,Buffer,,OFF,6615,108380160,1427,23379968,13517,252969,4770,93444,0,2421,259584,0,0,6377,0,0,0,3637912,10203,0,979853,4139588,80819529,60218,0,0,0,167165952,10220,73636,337002496,7052,61,0,0,0,0,0,0,0,0,0,0,2,1,0,602938,60040,2871457367583,2871457367583,2871453227995,0,527,278183674,0,26579112,245391505,16384,14246,10203,13517,0,0,0,0,0,6,0,128,0,0,0,0,0,0,0,0,ON,ON,ON,ON,ON,ON,0,0,0,0,0,0,0,0,0,0,0,0,0,0,0,0,0,0,0,1,0,0,0,0,3624,27593.818984547463,100000,34.14193,22,20303,46,65,100000

6,spread-run,70000,true,uniform,READ,2,0,0,543,,Buffer,,OFF,8440,138280960,7095,116244480,13517,251144,4772,123274,0,3095,259584,0,0,7420,0,0,0,4232344,10203,0,1093320,28556986,80819529,70220,0,0,0,167165952,10220,83639,337002496,7052,61,0,0,0,0,0,0,0,0,0,0,2,1,0,652963,70042,2871481784981,2871481784981,2871453227995,0,543,278203676,0,26579112,269808903,16384,16071,10203,13517,0,0,0,0,0,6,0,128,0,0,0,0,0,0,0,0,ON,ON,ON,ON,ON,ON,0,0,0,0,0,0,0,0,0,0,0,0,0,0,0,0,0,0,0,1,0,0,0,0,3737,26759.43270002676,100000,35.5204,24,8295,46,58,100000

7,spread-run,80000,true,uniform,READ,2,0,0,560,,Buffer,,OFF,10361,169754624,9886,161972224,13517,249223,4772,147013,0,3804,259584,0,0,8474,0,0,0,4802385,10203,0,1201637,53620605,80819529,80222,0,0,0,167165952,10220,93641,337002496,7052,61,0,0,0,0,0,0,0,0,0,0,2,1,0,702985,80044,2871506848600,2871506848600,2871453227995,0,560,278223678,0,26579112,294872522,16384,17992,10203,13517,0,0,0,0,0,6,0,128,0,0,0,0,0,0,0,0,ON,ON,ON,ON,ON,ON,0,0,0,0,0,0,0,0,0,0,0,0,0,0,0,0,0,0,0,1,0,0,0,0,3939,25387.154100025386,100000,37.55179,22,8043,48,61,100000

8,spread-run,90000,true,uniform,READ,2,0,0,576,,Buffer,,OFF,9970,163348480,2034,33325056,22311,249614,4772,181049,0,3660,259584,0,0,9520,0,0,0,5366938,10203,0,1310415,7763090,80819529,90344,0,0,0,167165952,10220,112500,578568192,13002,111,0,0,0,0,0,0,0,0,0,0,2,1,0,753014,90053,2871531791673,2871531791673,2871524028583,0,576,278243680,0,26579112,319815595,16384,20272,10203,22311,0,0,0,0,0,6,0,128,0,0,0,0,0,0,0,0,ON,ON,ON,ON,ON,ON,0,0,0,0,0,0,0,0,0,0,0,0,0,0,0,0,0,0,0,1,0,0,0,0,3712,26939.655172413793,100000,35.31291,21,7895,47,65,100000

9,spread-run,100000,true,uniform,READ,2,0,0,593,,Buffer,,OFF,11972,196149248,9497,155598848,22311,247612,4772,211578,0,4399,259584,0,0,10516,0,0,0,5896591,10203,0,1410640,32102546,80819529,100346,0,0,0,167165952,10220,122502,578568192,13002,111,0,0,0,0,0,0,0,0,0,0,2,1,0,803039,100055,2871556131129,2871556131129,2871524028583,0,593,278263682,0,26579112,344155051,16384,22274,10203,22311,0,0,0,0,0,6,0,128,0,0,0,0,0,0,0,0,ON,ON,ON,ON,ON,ON,0,0,0,0,0,0,0,0,0,0,0,0,0,0,0,0,0,0,0,1,0,0,0,0,4057,24648.75523786049,100000,38.72336,24,8223,48,60,100000

10,spread-run,110000,true,uniform,READ,2,0,0,610,,Buffer,,OFF,13658,223772672,12753,208945152,22311,245926,4772,237677,0,5021,259584,0,0,11482,0,0,0,6497943,10203,0,1524806,55794543,80819529,110348,0,0,0,167165952,10220,132505,578568192,13002,111,0,0,0,0,0,0,0,0,0,0,2,1,0,853061,110057,2871579823126,2871579823126,2871524028583,0,610,278283684,0,26579112,367847048,16384,23960,10203,22311,0,0,0,0,0,6,0,128,0,0,0,0,0,0,0,0,ON,ON,ON,ON,ON,ON,0,0,0,0,0,0,0,0,0,0,0,0,0,0,0,0,0,0,0,1,0,0,0,0,3778,26469.031233456855,100000,35.95325,24,7555,47,61,100000

11,spread-run,120000,true,uniform,READ,2,0,0,626,,Buffer,,OFF,12806,209813504,2517,41238528,33572,246778,4772,272289,0,4707,259584,0,0,12472,0,0,0,7032719,10203,0,1627993,8796210,80819529,120512,0,0,0,167165952,10220,153851,902627328,21520,181,0,0,0,0,0,0,0,0,0,0,2,1,0,903091,120065,2871603609429,2871603609429,2871594813219,0,626,278303686,0,26579112,391633351,16384,26390,10203,33572,0,0,0,0,0,6,0,128,0,0,0,0,0,0,0,0,ON,ON,ON,ON,ON,ON,0,0,0,0,0,0,0,0,0,0,0,0,0,0,0,0,0,0,0,1,0,0,0,0,3917,25529.742149604288,100000,37.37937,21,7907,48,59,100000

12,spread-run,130000,true,uniform,READ,2,0,0,643,,Buffer,,OFF,15116,247660544,10723,175685632,33572,244468,4772,304189,0,5559,259584,0,0,13491,0,0,0,7580187,10203,0,1733329,32864303,80819529,130514,0,0,0,167165952,10220,163853,902627328,21520,181,0,0,0,0,0,0,0,0,0,0,2,1,0,953116,130067,2871627677522,2871627677522,2871594813219,0,643,278323688,0,26579112,415701444,16384,28700,10203,33572,0,0,0,0,0,6,0,128,0,0,0,0,0,0,0,0,ON,ON,ON,ON,ON,ON,0,0,0,0,0,0,0,0,0,0,0,0,0,0,0,0,0,0,0,1,0,0,0,0,3684,27144.40825190011,100000,35.00994,24,7799,46,59,100000

13,spread-run,140000,true,uniform,READ,2,0,0,661,,Buffer,,OFF,16920,277217280,14562,238583808,33572,242664,4772,332958,0,6225,259584,0,0,14586,0,0,0,8127858,10203,0,1838093,57848448,80819529,140517,0,0,0,167165952,10220,173856,902627328,21520,181,0,0,0,0,0,0,0,0,0,0,2,1,0,1003138,140070,2871652661667,2871652661667,2871594813219,0,661,278343690,0,26579112,440685589,16384,30504,10203,33572,0,0,0,0,0,6,0,128,0,0,0,0,0,0,0,0,ON,ON,ON,ON,ON,ON,0,0,0,0,0,0,0,0,0,0,0,0,0,0,0,0,0,0,0,1,0,0,0,0,4013,24919.013207077,100000,38.33526,21,8695,49,62,100000

14,spread-run,150000,true,uniform,READ,2,0,0,677,,Buffer,,OFF,15581,255279104,3215,52674560,46848,244003,4772,371613,0,5731,259584,0,0,15613,0,0,0,8689857,10203,0,1944316,11372199,80819529,150714,0,0,0,167165952,10220,197235,1290616832,31925,265,0,0,0,0,0,0,0,0,0,0,2,1,0,1053148,150079,2871677187952,2871677187952,2871665815753,0,677,278363690,0,26579112,465211874,16384,32264,10203,46848,0,0,0,0,0,6,0,128,0,0,0,0,0,0,0,0,ON,ON,ON,ON,ON,ON,0,0,0,0,0,0,0,0,0,0,0,0,0,0,0,0,0,0,0,1,0,0,0,0,3951,25310.048089091368,100000,37.60582,21,9071,49,63,100000

15,spread-run,160000,true,uniform,READ,2,0,0,694,,Buffer,,OFF,17406,285179904,8954,146702336,49515,242178,4772,408920,0,6405,259584,0,0,16675,0,0,0,9202971,10203,0,2042246,24596096,80819529,160806,0,0,0,167165952,10220,209965,1370685440,34145,290,0,0,0,0,0,0,0,0,0,0,2,1,0,1103191,160099,2871701866046,2871701866046,2871677269950,0,694,278383692,0,26579112,489889968,16384,34683,10203,49515,0,0,0,0,0,6,0,128,0,0,0,0,0,0,0,0,ON,ON,ON,ON,ON,ON,0,0,0,0,0,0,0,0,0,0,0,0,0,0,0,0,0,0,0,1,0,0,0,0,3857,25926.886180969665,100000,36.72048,21,7411,48,64,100000

16,spread-run,170000,true,uniform,READ,2,0,0,713,,Buffer,,OFF,18854,308903936,11632,190578688,53098,240730,4772,444242,0,6939,259584,0,0,17807,0,0,0,9796772,10203,0,2155553,39918291,80819529,170921,0,0,0,167165952,10220,223623,1481129984,37303,326,0,0,0,0,0,0,0,0,0,0,2,1,0,1153233,170119,2871727651699,2871727651699,2871687733408,0,713,278403694,0,26579112,515675621,16384,36744,10203,53098,0,0,0,0,0,6,0,128,0,0,0,0,0,0,0,0,ON,ON,ON,ON,ON,ON,0,0,0,0,0,0,0,0,0,0,0,0,0,0,0,0,0,0,0,1,0,0,0,0,4014,24912.805181863478,100000,38.22524,24,7471,49,70,100000

17,spread-run,180000,true,uniform,READ,2,0,0,732,,Buffer,,OFF,20079,328974336,12722,208437248,57195,239505,4772,479048,0,7391,259584,0,0,18918,0,0,0,10379189,10203,0,2266482,50728647,80819529,181038,0,0,0,167165952,10220,237797,1606090752,40833,364,0,0,0,0,0,0,0,0,0,0,2,1,0,1203252,180139,2871752693811,2871752693811,2871701965164,0,732,278423694,0,26579112,540717733,16384,38818,10203,57195,0,0,0,0,0,6,0,128,0,0,0,0,0,0,0,0,ON,ON,ON,ON,ON,ON,0,0,0,0,0,0,0,0,0,0,0,0,0,0,0,0,0,0,0,1,0,0,0,0,3880,25773.19587628866,100000,36.85101,22,8983,48,63,100000

18,spread-run,190000,true,uniform,READ,2,0,0,751,,Buffer,,OFF,21718,355827712,14542,238256128,61011,237866,4772,513365,0,7996,259584,0,0,20025,0,0,0,10969895,10203,0,2379813,59968753,80819529,191149,0,0,0,167165952,10220,251688,1720320000,43989,400,0,0,0,0,0,0,0,0,0,0,2,1,0,1253295,190159,2871777821245,2871777821245,2871717852492,0,751,278443696,0,26579112,565845167,16384,41068,10203,61011,0,0,0,0,0,6,0,128,0,0,0,0,0,0,0,0,ON,ON,ON,ON,ON,ON,0,0,0,0,0,0,0,0,0,0,0,0,0,0,0,0,0,0,0,1,0,0,0,0,3957,25271.670457417236,100000,37.57109,22,8799,48,62,100000

19,spread-run,200000,true,uniform,READ,2,0,0,769,,Buffer,,OFF,23294,381648896,15685,256983040,64943,236290,4772,545907,0,8578,259584,0,0,21069,0,0,0,11533759,10203,0,2488154,64787112,80819529,201264,0,0,0,167165952,10220,265697,1834844160,47047,438,0,0,0,0,0,0,0,0,0,0,2,1,0,1303314,200179,2871802458780,2871802458780,2871737671668,0,769,278463696,0,26579112,590482702,16384,43356,10203,64943,0,0,0,0,0,6,0,128,0,0,0,0,0,0,0,0,ON,ON,ON,ON,ON,ON,0,0,0,0,0,0,0,0,0,0,0,0,0,0,0,0,0,0,0,1,0,0,0,0,3835,26075.61929595828,100000,36.41725,24,8583,48,69,100000

20,spread-run,210000,true,uniform,READ,2,0,0,787,,Buffer,,OFF,21594,353796096,2229,36519936,81174,237990,4772,584231,0,7951,259584,0,0,22113,0,0,0,12066213,10203,0,2590563,6085679,80819529,211528,0,0,0,167165952,10220,292075,2307637248,59673,546,0,0,0,0,0,0,0,0,0,0,2,1,0,1353355,210200,2871826907687,2871826907687,2871820822008,0,787,278483698,0,26579112,614931609,16384,45455,10203,81174,0,0,0,0,0,6,0,128,0,0,0,0,0,0,0,0,ON,ON,ON,ON,ON,ON,0,0,0,0,0,0,0,0,0,0,0,0,0,0,0,0,0,0,0,1,0,0,0,0,4015,24906.600249066003,100000,38.13001,22,9159,51,75,100000

21,spread-run,220000,true,uniform,READ,2,0,0,805,,Buffer,,OFF,23731,388808704,11941,195641344,81174,235853,4772,623146,0,8740,259584,0,0,23152,0,0,0,12599784,10203,0,2691940,30193059,80819529,221531,0,0,0,167165952,10220,302078,2307637248,59673,546,0,0,0,0,0,0,0,0,0,0,2,1,0,1403357,220202,2871851550150,2871851550150,2871821357091,0,805,278503698,0,26579112,639574072,16384,47592,10203,81174,0,0,0,0,0,6,0,128,0,0,0,0,0,0,0,0,ON,ON,ON,ON,ON,ON,0,0,0,0,0,0,0,0,0,0,0,0,0,0,0,0,0,0,0,1,0,0,0,0,3832,26096.033402922756,100000,36.34307,21,8839,48,69,100000

22,spread-run,230000,true,uniform,READ,2,0,0,822,,Buffer,,OFF,25919,424656896,18289,299646976,81174,233665,4772,658480,0,9547,259584,0,0,24235,0,0,0,13155861,10203,0,2798176,55296081,80819529,231533,0,0,0,167165952,10220,312081,2307637248,59673,546,0,0,0,0,0,0,0,0,0,0,2,1,0,1453381,230204,2871876653172,2871876653172,2871821357091,0,822,278523700,0,26579112,664677094,16384,49780,10203,81174,0,0,0,0,0,6,0,128,0,0,0,0,0,0,0,0,ON,ON,ON,ON,ON,ON,0,0,0,0,0,0,0,0,0,0,0,0,0,0,0,0,0,0,0,1,0,0,0,0,3951,25310.048089091368,100000,37.6669,22,8823,48,63,100000

23,spread-run,240000,true,uniform,READ,2,0,0,839,,Buffer,,OFF,25033,410140672,5246,85950464,97174,234551,4772,696759,0,9220,259584,0,0,25258,0,0,0,13714939,10203,0,2904777,22556134,80819529,241775,0,0,0,167165952,10220,338207,2794012672,73359,656,0,0,0,0,0,0,0,0,0,0,2,1,0,1503390,240212,2871901078143,2871901078143,2871878522009,0,839,278543700,0,26579112,689102065,16384,51882,10203,97174,0,0,0,0,0,6,0,128,0,0,0,0,0,0,0,0,ON,ON,ON,ON,ON,ON,0,0,0,0,0,0,0,0,0,0,0,0,0,0,0,0,0,0,0,1,0,0,0,0,3828,26123.301985370952,100000,36.3984,22,8583,49,71,100000

24,spread-run,250000,true,uniform,READ,2,0,0,858,,Buffer,,OFF,26899,440713216,12584,206176256,99625,232685,4772,735707,0,9909,259584,0,0,26378,0,0,0,14243763,10203,0,3005887,33820421,80819529,251815,0,0,0,167165952,10220,350681,2865659904,75281,672,0,0,0,0,0,0,0,0,0,0,2,1,0,1553394,250216,2871925983760,2871925983760,2871892163339,0,858,278563700,0,26579112,714007682,16384,54219,10203,99625,0,0,0,0,0,6,0,128,0,0,0,0,0,0,0,0,ON,ON,ON,ON,ON,ON,0,0,0,0,0,0,0,0,0,0,0,0,0,0,0,0,0,0,0,1,0,0,0,0,3912,25562.37218813906,100000,37.26427,23,7779,48,61,100000

25,spread-run,260000,true,uniform,READ,2,0,0,875,,Buffer,,OFF,28789,471678976,19235,315146240,99625,230795,4772,772464,0,10607,259584,0,0,27408,0,0,0,14847119,10203,0,3120730,58790492,80819529,261817,0,0,0,167165952,10220,360683,2865659904,75281,672,0,0,0,0,0,0,0,0,0,0,2,1,0,1603418,260218,2871950953831,2871950953831,2871892163339,0,875,278583702,0,26579112,738977753,16384,56109,10203,99625,0,0,0,0,0,6,0,128,0,0,0,0,0,0,0,0,ON,ON,ON,ON,ON,ON,0,0,0,0,0,0,0,0,0,0,0,0,0,0,0,0,0,0,0,1,0,0,0,0,3943,25361.3999492772,100000,37.59237,21,8615,48,67,100000

26,spread-run,270000,true,uniform,READ,2,0,0,891,,Buffer,,OFF,27884,456851456,4813,78856192,117625,231700,4772,812260,0,10273,259584,0,0,28497,0,0,0,15370667,10203,0,3220287,17078829,80819529,272091,0,0,0,167165952,10220,388826,3411935232,90623,796,0,0,0,0,0,0,0,0,0,0,2,1,0,1653428,270228,2871975583564,2871975583564,2871958504735,0,891,278603702,0,26579112,763607486,16384,58209,10203,117625,0,0,0,0,0,6,0,128,0,0,0,0,0,0,0,0,ON,ON,ON,ON,ON,ON,0,0,0,0,0,0,0,0,0,0,0,0,0,0,0,0,0,0,0,1,0,0,0,0,4139,24160.425223483933,100000,39.50017,22,8111,52,78,100000

27,spread-run,280000,true,uniform,READ,2,0,0,910,,Buffer,,OFF,28801,471875584,8282,135692288,123280,230783,4772,853875,0,10611,259584,0,0,29534,0,0,0,15957516,10203,0,3333355,21832695,80819529,282233,0,0,0,167165952,10220,404569,3583426560,95435,843,0,0,0,0,0,0,0,0,0,0,2,1,0,1703473,280249,2872000928318,2872000928318,2871979095623,0,910,278623704,0,26579112,788952240,16384,60300,10203,123280,0,0,0,0,0,6,0,128,0,0,0,0,0,0,0,0,ON,ON,ON,ON,ON,ON,0,0,0,0,0,0,0,0,0,0,0,0,0,0,0,0,0,0,0,1,0,0,0,0,4058,24642.681123706257,100000,38.66163,21,8111,50,63,100000

28,spread-run,290000,true,uniform,READ,2,0,0,929,,Buffer,,OFF,30429,498548736,11322,185499648,128930,229155,4772,894601,0,11212,259584,0,0,30581,0,0,0,16489477,10203,0,3434255,30307514,80819529,292369,0,0,0,167165952,10220,420306,3758145536,100449,890,0,0,0,0,0,0,0,0,0,0,2,1,0,1753493,290269,2872025719289,2872025719289,2871995411775,0,929,278643704,0,26579112,813743211,16384,62425,10203,128930,0,0,0,0,0,6,0,128,0,0,0,0,0,0,0,0,ON,ON,ON,ON,ON,ON,0,0,0,0,0,0,0,0,0,0,0,0,0,0,0,0,0,0,0,1,0,0,0,0,4104,24366.471734892788,100000,39.11764,22,7767,50,70,100000

29,spread-run,300000,true,uniform,READ,2,0,0,949,,Buffer,,OFF,31769,520503296,13367,219004928,134892,227815,4772,934594,0,11707,259584,0,0,31630,0,0,0,17040760,10203,0,3539058,38379842,80819529,302526,0,0,0,167165952,10220,436362,3942416384,105734,946,0,0,0,0,0,0,0,0,0,0,2,1,0,1803513,300288,2872050630216,2872050630216,2872012250374,0,949,278663704,0,26579112,838654138,16384,64541,10203,134892,0,0,0,0,0,6,0,128,0,0,0,0,0,0,0,0,ON,ON,ON,ON,ON,ON,0,0,0,0,0,0,0,0,0,0,0,0,0,0,0,0,0,0,0,1,0,0,0,0,3763,26574.541589157587,100000,35.70674,24,8215,47,65,100000

30,spread-run,310000,true,uniform,READ,2,0,0,968,,Buffer,,OFF,32884,538771456,14590,239042560,140774,226700,4772,974266,0,12118,259584,0,0,32738,0,0,0,17643488,10203,0,3654761,44443216,80819529,312684,0,0,0,167165952,10220,452338,4122935296,110870,998,0,0,0,0,0,0,0,0,0,0,2,1,0,1853558,310310,2872076122042,2872076122042,2872031678826,0,968,278683706,0,26579112,864145964,16384,66602,10203,140774,0,0,0,0,0,6,0,128,0,0,0,0,0,0,0,0,ON,ON,ON,ON,ON,ON,0,0,0,0,0,0,0,0,0,0,0,0,0,0,0,0,0,0,0,1,0,0,0,0,3943,25361.3999492772,100000,37.5883,25,9127,49,63,100000

31,spread-run,320000,true,uniform,READ,2,0,0,988,,Buffer,,OFF,34342,562659328,15948,261292032,146391,225242,4772,1013806,0,12657,259584,0,0,33812,0,0,0,18207024,10203,0,3762662,50252441,80819529,322821,0,0,0,167165952,10220,468044,4294770688,115741,1047,0,0,0,0,0,0,0,0,0,0,2,1,0,1903577,320330,2872100813844,2872100813844,2872050561403,0,988,278703706,0,26579112,888837766,16384,68824,10203,146391,0,0,0,0,0,6,0,128,0,0,0,0,0,0,0,0,ON,ON,ON,ON,ON,ON,0,0,0,0,0,0,0,0,0,0,0,0,0,0,0,0,0,0,0,1,0,0,0,0,3774,26497.085320614733,100000,35.88203,25,7807,47,65,100000

32,spread-run,330000,true,uniform,READ,2,0,0,1008,,Buffer,,OFF,35503,581681152,16561,271335424,152397,224081,4772,1052112,0,13085,259584,0,0,34910,0,0,0,18800058,10203,0,3875411,54957214,80819529,332968,0,0,0,167165952,10220,484143,4477550592,120891,1098,0,0,0,0,0,0,0,0,0,0,2,1,0,1953597,330352,2872126575176,2872126575176,2872071617962,0,1008,278723706,0,26579112,914599098,16384,70621,10203,152397,0,0,0,0,0,6,0,128,0,0,0,0,0,0,0,0,ON,ON,ON,ON,ON,ON,0,0,0,0,0,0,0,0,0,0,0,0,0,0,0,0,0,0,0,1,0,0,0,0,3958,25265.285497726123,100000,37.67882,22,19983,49,67,100000

33,spread-run,340000,true,uniform,READ,2,0,0,1027,,Buffer,,OFF,36302,594771968,17921,293617664,158274,223282,4772,1091722,0,13380,259584,0,0,35989,0,0,0,19372766,10203,0,3984844,59063175,80819529,343107,0,0,0,167165952,10220,500107,4655661056,125885,1144,0,0,0,0,0,0,0,0,0,0,2,1,0,2003642,340373,2872152117047,2872152117047,2872093053872,0,1027,278743708,0,26579112,940140969,16384,72654,10203,158274,0,0,0,0,0,6,0,128,0,0,0,0,0,0,0,0,ON,ON,ON,ON,ON,ON,0,0,0,0,0,0,0,0,0,0,0,0,0,0,0,0,0,0,0,1,0,0,0,0,4031,24807.740014884643,100000,38.44072,22,7459,50,66,100000

34,spread-run,350000,true,uniform,READ,2,0,0,1047,,Buffer,,OFF,37477,614023168,19261,315572224,163909,222107,4772,1131104,0,13814,259584,0,0,37025,0,0,0,19922553,10203,0,4089475,61004759,80819529,353229,0,0,0,167165952,10220,515823,4825038848,130588,1185,0,0,0,0,0,0,0,0,0,0,2,1,0,2053662,350393,2872176938043,2872176938043,2872115933284,0,1047,278763708,0,26579112,964961965,16384,74724,10203,163909,0,0,0,0,0,6,0,128,0,0,0,0,0,0,0,0,ON,ON,ON,ON,ON,ON,0,0,0,0,0,0,0,0,0,0,0,0,0,0,0,0,0,0,0,1,0,0,0,0,4030,24813.89578163772,100000,38.4872,22,7979,49,63,100000

35,spread-run,360000,true,uniform,READ,2,0,0,1068,,Buffer,,OFF,39045,639713280,20434,334790656,170218,220539,4772,1169893,0,14393,259584,0,0,38152,0,0,0,20410774,10203,0,4182079,63489985,80819529,363386,0,0,0,167165952,10220,532228,5017010176,135996,1239,0,0,0,0,0,0,0,0,0,0,2,1,0,2103683,360414,2872201699451,2872201699451,2872138209466,0,1068,278783708,0,26579112,989723373,16384,77164,10203,170218,0,0,0,0,0,6,0,128,0,0,0,0,0,0,0,0,ON,ON,ON,ON,ON,ON,0,0,0,0,0,0,0,0,0,0,0,0,0,0,0,0,0,0,0,1,0,0,0,0,4138,24166.26389560174,100000,39.34934,24,8551,50,67,100000

36,spread-run,370000,true,uniform,READ,2,0,0,1088,,Buffer,,OFF,37941,621625344,7582,124223488,188200,221643,4772,1210500,0,13985,259584,0,0,39244,0,0,0,21015233,10203,0,4297025,24152551,80819529,373696,0,0,0,167165952,10220,560381,5562941440,151335,1368,0,0,0,0,0,0,0,0,0,0,2,1,0,2153704,370435,2872227115626,2872227115626,2872202963075,0,1088,278803708,0,26579112,1015139548,16384,79029,10203,188200,0,0,0,0,0,6,0,128,0,0,0,0,0,0,0,0,ON,ON,ON,ON,ON,ON,0,0,0,0,0,0,0,0,0,0,0,0,0,0,0,0,0,0,0,1,0,0,0,0,4081,24503.79808870375,100000,38.42599,23,14415,51,73,100000

37,spread-run,380000,true,uniform,READ,2,0,0,1108,,Buffer,,OFF,39423,645906432,12881,211042304,193964,220161,4772,1253034,0,14532,259584,0,0,40250,0,0,0,21551170,10203,0,4398903,28258335,80819529,383786,0,0,0,167165952,10220,576195,5738217472,156269,1408,0,0,0,0,0,0,0,0,0,0,2,1,0,2203733,380441,2872251667073,2872251667073,2872223408738,0,1108,278823710,0,26579112,1039690995,16384,81194,10203,193964,0,0,0,0,0,6,0,128,0,0,0,0,0,0,0,0,ON,ON,ON,ON,ON,ON,0,0,0,0,0,0,0,0,0,0,0,0,0,0,0,0,0,0,0,1,0,0,0,0,4078,24521.824423737125,100000,38.83959,25,8107,49,61,100000

38,spread-run,390000,true,uniform,READ,2,0,0,1127,,Buffer,,OFF,41172,674562048,21023,344440832,193964,218412,4772,1292730,0,15178,259584,0,0,41234,0,0,0,22135840,10203,0,4509508,52643357,80819529,393787,0,0,0,167165952,10220,586196,5738217472,156269,1408,0,0,0,0,0,0,0,0,0,0,2,1,0,2253733,390442,2872276052095,2872276052095,2872223408738,0,1127,278843710,0,26579112,1064076017,16384,82943,10203,193964,0,0,0,0,0,6,0,128,0,0,0,0,0,0,0,0,ON,ON,ON,ON,ON,ON,0,0,0,0,0,0,0,0,0,0,0,0,0,0,0,0,0,0,0,1,0,0,0,0,4079,24515.812699190978,100000,38.86723,22,20111,49,66,100000

39,spread-run,400000,true,uniform,READ,2,0,0,1144,,Buffer,,OFF,41059,672710656,10011,164020224,209964,218525,4772,1333779,0,15136,259584,0,0,42406,0,0,0,22746147,10203,0,4625537,36451865,80819529,404046,0,0,0,167165952,10220,612332,6235766784,170637,1526,0,0,0,0,0,0,0,0,0,0,2,1,0,2303742,400451,2872301575707,2872301575707,2872265123842,0,1144,278863710,0,26579112,1089599629,16384,84641,10203,209964,0,0,0,0,0,6,0,128,0,0,0,0,0,0,0,0,ON,ON,ON,ON,ON,ON,0,0,0,0,0,0,0,0,0,0,0,0,0,0,0,0,0,0,0,1,0,0,0,0,3907,25595.08574353724,100000,37.1607,22,7379,51,83,100000

40,spread-run,410000,true,uniform,READ,2,0,0,1165,,Buffer,,OFF,42775,700825600,13462,220561408,217094,216809,4772,1375305,0,15769,259584,0,0,43546,0,0,0,23317280,10203,0,4735287,32413390,80819529,414154,0,0,0,167165952,10220,629521,6450118656,176590,1574,0,0,0,0,0,0,0,0,0,0,2,1,0,2353748,410457,2872326670377,2872326670377,2872294256987,0,1165,278883710,0,26579112,1114694299,16384,86832,10203,217094,0,0,0,0,0,6,0,128,0,0,0,0,0,0,0,0,ON,ON,ON,ON,ON,ON,0,0,0,0,0,0,0,0,0,0,0,0,0,0,0,0,0,0,0,1,0,0,0,0,4167,23998.080153587714,100000,39.78225,21,7927,51,63,100000

41,spread-run,420000,true,uniform,READ,2,0,0,1183,,Buffer,,OFF,44516,729350144,21748,356319232,217094,215068,4772,1415178,0,16412,259584,0,0,44652,0,0,0,23916768,10203,0,4850256,57359603,80819529,424156,0,0,0,167165952,10220,639523,6450118656,176590,1574,0,0,0,0,0,0,0,0,0,0,2,1,0,2403772,420459,2872351616590,2872351616590,2872294256987,0,1183,278903712,0,26579112,1139640512,16384,88573,10203,217094,0,0,0,0,0,6,0,128,0,0,0,0,0,0,0,0,ON,ON,ON,ON,ON,ON,0,0,0,0,0,0,0,0,0,0,0,0,0,0,0,0,0,0,0,1,0,0,0,0,3941,25374.27048972342,100000,37.48757,25,8711,49,61,100000

42,spread-run,430000,true,uniform,READ,2,0,0,1199,,Buffer,,OFF,44159,723501056,6935,113623040,237094,215425,4772,1456679,0,16280,259584,0,0,45810,0,0,0,24518809,10203,0,4966069,23792105,80819529,434470,0,0,0,167165952,10220,669687,7063764992,194044,1716,0,0,0,0,0,0,0,0,0,0,2,1,0,2453783,430471,2872376980198,2872376980198,2872353188093,0,1199,278923712,0,26579112,1165004120,16384,90479,10203,237094,0,0,0,0,0,6,0,128,0,0,0,0,0,0,0,0,ON,ON,ON,ON,ON,ON,0,0,0,0,0,0,0,0,0,0,0,0,0,0,0,0,0,0,0,1,0,0,0,0,4025,24844.72049689441,100000,38.32236,21,7599,52,72,100000

43,spread-run,440000,true,uniform,READ,2,0,0,1220,,Buffer,,OFF,45345,742932480,9710,159088640,245062,214239,4772,1499258,0,16718,259584,0,0,47015,0,0,0,25099703,10203,0,5078181,22290694,80819529,444644,0,0,0,167165952,10220,687759,7304986624,200799,1778,0,0,0,0,0,0,0,0,0,0,2,1,0,2503805,440492,2872402572375,2872402572375,2872380281681,0,1220,278943712,0,26579112,1190596297,16384,92612,10203,245062,0,0,0,0,0,6,0,128,0,0,0,0,0,0,0,0,ON,ON,ON,ON,ON,ON,0,0,0,0,0,0,0,0,0,0,0,0,0,0,0,0,0,0,0,1,0,0,0,0,4099,24396.19419370578,100000,39.04107,21,8815,51,64,100000

44,spread-run,450000,true,uniform,READ,2,0,0,1238,,Buffer,,OFF,46822,767131648,13655,223723520,250734,212762,4772,1540969,0,17263,259584,0,0,48140,0,0,0,25698145,10203,0,5194257,33996628,80819529,454784,0,0,0,167165952,10220,703520,7480950784,205867,1829,0,0,0,0,0,0,0,0,0,0,2,1,0,2553823,450512,2872428058488,2872428058488,2872394061860,0,1238,278963712,0,26579112,1216082410,16384,94583,10203,250734,0,0,0,0,0,6,0,128,0,0,0,0,0,0,0,0,ON,ON,ON,ON,ON,ON,0,0,0,0,0,0,0,0,0,0,0,0,0,0,0,0,0,0,0,1,0,0,0,0,3821,26171.159382360638,100000,36.40984,25,9207,48,62,100000

45,spread-run,460000,true,uniform,READ,2,0,0,1256,,Buffer,,OFF,48196,789643264,16348,267845632,257221,211388,4772,1582207,0,17771,259584,0,0,49290,0,0,0,26278801,10203,0,5305781,43470892,80819529,464943,0,0,0,167165952,10220,720103,7681835008,211641,1886,0,0,0,0,0,0,0,0,0,0,2,1,0,2603867,460532,2872453716487,2872453716487,2872410245595,0,1256,278983714,0,26579112,1241740409,16384,96447,10203,257221,0,0,0,0,0,6,0,128,0,0,0,0,0,0,0,0,ON,ON,ON,ON,ON,ON,0,0,0,0,0,0,0,0,0,0,0,0,0,0,0,0,0,0,0,1,0,0,0,0,3951,25310.048089091368,100000,37.47945,22,8879,50,64,100000

46,spread-run,470000,true,uniform,READ,2,0,0,1275,,Buffer,,OFF,49578,812285952,19322,316571648,262989,210006,4772,1623176,0,18281,259584,0,0,50319,0,0,0,26858256,10203,0,5417638,51574717,80819529,475087,0,0,0,167165952,10220,735961,7859224576,216700,1940,0,0,0,0,0,0,0,0,0,0,2,1,0,2653885,470550,2872478785951,2872478785951,2872427211234,0,1275,279003714,0,26579112,1266809873,16384,98359,10203,262989,0,0,0,0,0,6,0,128,0,0,0,0,0,0,0,0,ON,ON,ON,ON,ON,ON,0,0,0,0,0,0,0,0,0,0,0,0,0,0,0,0,0,0,0,1,0,0,0,0,3997,25018.76407305479,100000,38.12247,21,8847,51,66,100000

47,spread-run,480000,true,uniform,READ,2,0,0,1295,,Buffer,,OFF,50640,829685760,21154,346587136,269536,208944,4772,1663930,0,18673,259584,0,0,51370,0,0,0,27439356,10203,0,5528695,58173426,80819529,485255,0,0,0,167165952,10220,752609,8060633088,222446,1999,0,0,0,0,0,0,0,0,0,0,2,1,0,2703906,480571,2872503865366,2872503865366,2872445691940,0,1295,279023714,0,26579112,1291889288,16384,100159,10203,269536,0,0,0,0,0,6,0,128,0,0,0,0,0,0,0,0,ON,ON,ON,ON,ON,ON,0,0,0,0,0,0,0,0,0,0,0,0,0,0,0,0,0,0,0,1,0,0,0,0,3977,25144.581342720645,100000,37.85534,22,8639,50,66,100000

48,spread-run,490000,true,uniform,READ,2,0,0,1314,,Buffer,,OFF,51523,844152832,22897,375144448,276360,208061,4772,1704726,0,18999,259584,0,0,52427,0,0,0,28014959,10203,0,5638498,63367756,80819529,495417,0,0,0,167165952,10220,769535,8271020032,228463,2059,0,0,0,0,0,0,0,0,0,0,2,1,0,2753926,490593,2872529367074,2872529367074,2872465999318,0,1314,279043714,0,26579112,1317390996,16384,101807,10203,276360,0,0,0,0,0,6,0,128,0,0,0,0,0,0,0,0,ON,ON,ON,ON,ON,ON,0,0,0,0,0,0,0,0,0,0,0,0,0,0,0,0,0,0,0,1,0,0,0,0,4007,24956.32642874969,100000,38.23218,21,8631,50,62,100000

49,spread-run,500000,true,uniform,READ,2,0,0,1333,,Buffer,,OFF,52007,852082688,12891,211206144,293998,207577,4772,1746242,0,19177,259584,0,0,53587,0,0,0,28638923,10203,0,5760997,36955480,80819529,505723,0,0,0,167165952,10220,797341,8815017984,244028,2190,0,0,0,0,0,0,0,0,0,0,2,1,0,2803945,500612,2872555380400,2872555380400,2872518424920,0,1333,279063714,0,26579112,1343404322,16384,103719,10203,293998,0,0,0,0,0,6,0,128,0,0,0,0,0,0,0,0,ON,ON,ON,ON,ON,ON,0,0,0,0,0,0,0,0,0,0,0,0,0,0,0,0,0,0,0,1,0,0,0,0,4136,24177.949709864602,100000,39.46567,22,9367,53,72,100000

50,spread-run,510000,true,uniform,READ,2,0,0,1354,,Buffer,,OFF,53031,868859904,14406,236027904,303245,206553,4772,1788383,0,19555,259584,0,0,54729,0,0,0,29220222,10203,0,5872628,33156333,80819529,515867,0,0,0,167165952,10220,816668,9098313728,252072,2255,0,0,0,0,0,0,0,0,0,0,2,1,0,2853975,510620,2872581157386,2872581157386,2872548001053,0,1354,279083716,0,26579112,1369181308,16384,105467,10203,303245,0,0,0,0,0,6,0,128,0,0,0,0,0,0,0,0,ON,ON,ON,ON,ON,ON,0,0,0,0,0,0,0,0,0,0,0,0,0,0,0,0,0,0,0,1,0,0,0,0,4266,23441.16268166901,100000,40.72881,22,7611,51,63,100000

51,spread-run,520000,true,uniform,READ,2,0,0,1373,,Buffer,,OFF,54305,889733120,23768,389414912,303245,205279,4772,1829285,0,20026,259584,0,0,55748,0,0,0,29828628,10203,0,5988229,57618919,80819529,525868,0,0,0,167165952,10220,826669,9098313728,252072,2255,0,0,0,0,0,0,0,0,0,0,2,1,0,2903975,520621,2872605619972,2872605619972,2872548001053,0,1373,279103716,0,26579112,1393643894,16384,106741,10203,303245,0,0,0,0,0,6,0,128,0,0,0,0,0,0,0,0,ON,ON,ON,ON,ON,ON,0,0,0,0,0,0,0,0,0,0,0,0,0,0,0,0,0,0,0,1,0,0,0,0,4159,24044.241404183696,100000,39.77895,23,7651,51,64,100000

52,spread-run,530000,true,uniform,READ,2,0,0,1389,,Buffer,,OFF,54483,892649472,11098,181829632,323245,205101,4772,1871358,0,20091,259584,0,0,56786,0,0,0,30446275,10203,0,6107018,32242156,80819529,536190,0,0,0,167165952,10220,856836,9718956032,269953,2401,0,0,0,0,0,0,0,0,0,0,2,1,0,2953986,530632,2872630478557,2872630478557,2872598236401,0,1389,279123716,0,26579112,1418502479,16384,108316,10203,323245,0,0,0,0,0,6,0,128,0,0,0,0,0,0,0,0,ON,ON,ON,ON,ON,ON,0,0,0,0,0,0,0,0,0,0,0,0,0,0,0,0,0,0,0,1,0,0,0,0,3929,25451.768897938407,100000,37.45851,23,7971,51,70,100000

53,spread-run,540000,true,uniform,READ,2,0,0,1409,,Buffer,,OFF,55609,911097856,10280,168427520,334838,203975,4772,1913977,0,20507,259584,0,0,57862,0,0,0,31012163,10203,0,6215654,22804234,80819529,546418,0,0,0,167165952,10220,878559,10076340224,280173,2489,0,0,0,0,0,0,0,0,0,0,2,1,0,3004008,540653,2872655749731,2872655749731,2872632945497,0,1409,279143716,0,26579112,1443773653,16384,110141,10203,334838,0,0,0,0,0,6,0,128,0,0,0,0,0,0,0,0,ON,ON,ON,ON,ON,ON,0,0,0,0,0,0,0,0,0,0,0,0,0,0,0,0,0,0,0,1,0,0,0,0,4255,23501.762632197413,100000,40.72294,22,7463,52,65,100000

54,spread-run,550000,true,uniform,READ,2,0,0,1429,,Buffer,,OFF,57023,934264832,13565,222248960,341401,202561,4772,1955887,0,21029,259584,0,0,58909,0,0,0,31589419,10203,0,6326336,32588427,80819529,556583,0,0,0,167165952,10220,895224,10281336832,286122,2549,0,0,0,0,0,0,0,0,0,0,2,1,0,3054029,550674,2872680756754,2872680756754,2872648168327,0,1429,279163716,0,26579112,1468780676,16384,112035,10203,341401,0,0,0,0,0,6,0,128,0,0,0,0,0,0,0,0,ON,ON,ON,ON,ON,ON,0,0,0,0,0,0,0,0,0,0,0,0,0,0,0,0,0,0,0,1,0,0,0,0,4033,24795.437639474338,100000,38.40355,22,8631,50,64,100000

55,spread-run,560000,true,uniform,READ,2,0,0,1449,,Buffer,,OFF,58223,953925632,16070,263290880,348029,201361,4772,1997863,0,21472,259584,0,0,59941,0,0,0,32154642,10203,0,6433975,40689353,80819529,566743,0,0,0,167165952,10220,911949,10488250368,292123,2606,0,0,0,0,0,0,0,0,0,0,2,1,0,3104049,560695,2872705072569,2872705072569,2872664383216,0,1449,279183716,0,26579112,1493096491,16384,113744,10203,348029,0,0,0,0,0,6,0,128,0,0,0,0,0,0,0,0,ON,ON,ON,ON,ON,ON,0,0,0,0,0,0,0,0,0,0,0,0,0,0,0,0,0,0,0,1,0,0,0,0,4102,24378.35202340322,100000,39.14114,22,7643,50,63,100000

56,spread-run,570000,true,uniform,READ,2,0,0,1469,,Buffer,,OFF,59203,969981952,18577,304365568,354485,200381,4772,2039442,0,21834,259584,0,0,60975,0,0,0,32726010,10203,0,6543068,47379009,80819529,576906,0,0,0,167165952,10220,928507,10687660032,297838,2666,0,0,0,0,0,0,0,0,0,0,2,1,0,3154093,570717,2872729877874,2872729877874,2872682498865,0,1469,279203718,0,26579112,1517901796,16384,115464,10203,354485,0,0,0,0,0,6,0,128,0,0,0,0,0,0,0,0,ON,ON,ON,ON,ON,ON,0,0,0,0,0,0,0,0,0,0,0,0,0,0,0,0,0,0,0,1,0,0,0,0,4039,24758.603614756128,100000,38.47678,25,7735,49,61,100000

57,spread-run,580000,true,uniform,READ,2,0,0,1488,,Buffer,,OFF,60373,989151232,20852,341639168,360729,199211,4772,2081451,0,22266,259584,0,0,62011,0,0,0,33288785,10203,0,6650396,55051732,80819529,587064,0,0,0,167165952,10220,944847,10880991232,303394,2723,0,0,0,0,0,0,0,0,0,0,2,1,0,3204112,580737,2872754697594,2872754697594,2872699645862,0,1488,279223718,0,26579112,1542721516,16384,117260,10203,360729,0,0,0,0,0,6,0,128,0,0,0,0,0,0,0,0,ON,ON,ON,ON,ON,ON,0,0,0,0,0,0,0,0,0,0,0,0,0,0,0,0,0,0,0,1,0,0,0,0,4107,24348.672997321646,100000,39.25941,25,8163,51,66,100000

58,spread-run,590000,true,uniform,READ,2,0,0,1507,,Buffer,,OFF,61043,1000128512,21035,344637440,367897,198541,4772,2123005,0,22513,259584,0,0,63040,0,0,0,33907878,10203,0,6769020,60476168,80819529,597228,0,0,0,167165952,10220,962116,11103059968,309780,2783,0,0,0,0,0,0,0,0,0,0,2,1,0,3254133,590758,2872779378491,2872779378491,2872718902323,0,1507,279243718,0,26579112,1567402413,16384,118666,10203,367897,0,0,0,0,0,6,0,128,0,0,0,0,0,0,0,0,ON,ON,ON,ON,ON,ON,0,0,0,0,0,0,0,0,0,0,0,0,0,0,0,0,0,0,0,1,0,0,0,0,3636,27502.7502750275,100000,34.52505,25,8471,47,61,100000

59,spread-run,600000,true,uniform,READ,2,0,0,1527,,Buffer,,OFF,61694,1010794496,15031,246267904,382457,197890,4772,2165312,0,22753,259584,0,0,64117,0,0,0,34509313,10203,0,6884627,42870158,80819529,607497,0,0,0,167165952,10220,986828,11552604160,322658,2895,0,0,0,0,0,0,0,0,0,0,2,1,0,3304152,600778,2872804666361,2872804666361,2872761796203,0,1527,279263718,0,26579112,1592690283,16384,120339,10203,382457,0,0,0,0,0,6,0,128,0,0,0,0,0,0,0,0,ON,ON,ON,ON,ON,ON,0,0,0,0,0,0,0,0,0,0,0,0,0,0,0,0,0,0,0,1,0,0,0,0,3949,25322.86654849329,100000,37.65072,22,7943,52,74,100000

60,spread-run,610000,true,uniform,READ,2,0,0,1548,,Buffer,,OFF,62476,1023606784,12597,206389248,395729,197108,4772,2207833,0,23042,259584,0,0,65121,0,0,0,35087860,10203,0,6995114,26509937,80819529,617702,0,0,0,167165952,10220,1010211,11961565184,334347,2988,0,0,0,0,0,0,0,0,0,0,2,1,0,3354161,610788,2872829115865,2872829115865,2872802605928,0,1548,279283718,0,26579112,1617139787,16384,121943,10203,395729,0,0,0,0,0,6,0,128,0,0,0,0,0,0,0,0,ON,ON,ON,ON,ON,ON,0,0,0,0,0,0,0,0,0,0,0,0,0,0,0,0,0,0,0,1,0,0,0,0,3771,26518.164942985946,100000,35.79103,25,8271,47,59,100000

61,spread-run,620000,true,uniform,READ,2,0,0,1568,,Buffer,,OFF,63674,1043234816,21059,345030656,395729,195910,4772,2249789,0,23484,259584,0,0,66151,0,0,0,35719078,10203,0,7115200,51749723,80819529,627704,0,0,0,167165952,10220,1020213,11961565184,334347,2988,0,0,0,0,0,0,0,0,0,0,2,1,0,3404185,620790,2872854355651,2872854355651,2872802605928,0,1568,279303720,0,26579112,1642379573,16384,123141,10203,395729,0,0,0,0,0,6,0,128,0,0,0,0,0,0,0,0,ON,ON,ON,ON,ON,ON,0,0,0,0,0,0,0,0,0,0,0,0,0,0,0,0,0,0,0,1,0,0,0,0,4171,23975.065931431312,100000,39.81784,25,7371,50,61,100000

62,spread-run,630000,true,uniform,READ,2,0,0,1584,,Buffer,,OFF,64440,1055784960,14456,236847104,409729,195144,4772,2292130,0,23767,259584,0,0,67208,0,0,0,36294359,10203,0,7224579,44633999,80819529,637943,0,0,0,167165952,10220,1045205,12425936896,347823,3098,0,0,0,0,0,0,0,0,0,0,2,1,0,3454193,630798,2872879280846,2872879280846,2872834646847,0,1584,279323720,0,26579112,1667304768,16384,124752,10203,409729,0,0,0,0,0,6,0,128,0,0,0,0,0,0,0,0,ON,ON,ON,ON,ON,ON,0,0,0,0,0,0,0,0,0,0,0,0,0,0,0,0,0,0,0,1,0,0,0,0,3990,25062.65664160401,100000,37.97021,22,8591,51,70,100000

63,spread-run,640000,true,uniform,READ,2,0,0,1606,,Buffer,,OFF,65811,1078247424,13577,222445568,422126,193773,4772,2335430,0,24273,259584,0,0,68232,0,0,0,36893749,10203,0,7341197,28458176,80819529,648130,0,0,0,167165952,10220,1066835,12779356160,357864,3179,0,0,0,0,0,0,0,0,0,0,2,1,0,3504202,640808,2872904047746,2872904047746,2872875589570,0,1606,279343720,0,26579112,1692071668,16384,126747,10203,422126,0,0,0,0,0,6,0,128,0,0,0,0,0,0,0,0,ON,ON,ON,ON,ON,ON,0,0,0,0,0,0,0,0,0,0,0,0,0,0,0,0,0,0,0,1,0,0,0,0,4024,24850.89463220676,100000,38.35579,23,20223,50,65,100000

64,spread-run,650000,true,uniform,READ,2,0,0,1625,,Buffer,,OFF,67121,1099710464,22791,373407744,422126,192463,4772,2376832,0,24757,259584,0,0,69257,0,0,0,37515118,10203,0,7459383,53412218,80819529,658131,0,0,0,167165952,10220,1076836,12779356160,357864,3179,0,0,0,0,0,0,0,0,0,0,2,1,0,3554202,650809,2872929001788,2872929001788,2872875589570,0,1625,279363720,0,26579112,1717025710,16384,128057,10203,422126,0,0,0,0,0,6,0,128,0,0,0,0,0,0,0,0,ON,ON,ON,ON,ON,ON,0,0,0,0,0,0,0,0,0,0,0,0,0,0,0,0,0,0,0,1,0,0,0,0,4043,24734.10833539451,100000,38.59209,22,16311,50,63,100000

65,spread-run,660000,true,uniform,READ,2,0,0,1642,,Buffer,,OFF,67743,1109901312,14841,243154944,438126,191841,4772,2419707,0,24986,259584,0,0,70322,0,0,0,38085684,10203,0,7568793,40061112,80819529,668391,0,0,0,167165952,10220,1102972,13278691328,372342,3298,0,0,0,0,0,0,0,0,0,0,2,1,0,3604211,660818,2872953469070,2872953469070,2872913407958,0,1642,279383720,0,26579112,1741492992,16384,129948,10203,438126,0,0,0,0,0,6,0,128,0,0,0,0,0,0,0,0,ON,ON,ON,ON,ON,ON,0,0,0,0,0,0,0,0,0,0,0,0,0,0,0,0,0,0,0,1,0,0,0,0,3924,25484.199796126402,100000,37.41205,22,7783,50,69,100000

66,spread-run,670000,true,uniform,READ,2,0,0,1664,,Buffer,,OFF,68593,1123827712,14721,241188864,449290,190991,4772,2462236,0,25300,259584,0,0,71390,0,0,0,38677401,10203,0,7681523,32332055,80819529,678567,0,0,0,167165952,10220,1124231,13622968320,382191,3377,0,0,0,0,0,0,0,0,0,0,2,1,0,3654219,670827,2872978752405,2872978752405,2872946420350,0,1664,279403720,0,26579112,1766776327,16384,131553,10203,449290,0,0,0,0,0,6,0,128,0,0,0,0,0,0,0,0,ON,ON,ON,ON,ON,ON,0,0,0,0,0,0,0,0,0,0,0,0,0,0,0,0,0,0,0,1,0,0,0,0,3879,25779.840164990976,100000,36.80452,21,20255,49,65,100000

67,spread-run,680000,true,uniform,READ,2,0,0,1683,,Buffer,,OFF,69990,1146716160,23726,388726784,449290,189594,4772,2503755,0,25816,259584,0,0,72396,0,0,0,39285617,10203,0,7797130,57076079,80819529,688568,0,0,0,167165952,10220,1134233,13622968320,382191,3377,0,0,0,0,0,0,0,0,0,0,2,1,0,3704219,680828,2873003496429,2873003496429,2872946420350,0,1683,279423720,0,26579112,1791520351,16384,132950,10203,449290,0,0,0,0,0,6,0,128,0,0,0,0,0,0,0,0,ON,ON,ON,ON,ON,ON,0,0,0,0,0,0,0,0,0,0,0,0,0,0,0,0,0,0,0,1,0,0,0,0,4159,24044.241404183696,100000,39.66509,25,8847,50,61,100000

68,spread-run,690000,true,uniform,READ,2,0,0,1699,,Buffer,,OFF,70363,1152827392,13227,216711168,467290,189221,4772,2546301,0,25953,259584,0,0,73381,0,0,0,39910820,10203,0,7917989,38562876,80819529,698858,0,0,0,167165952,10220,1162385,14183759872,398419,3509,0,0,0,0,0,0,0,0,0,0,2,1,0,3754253,690839,2873028415757,2873028415757,2872989852881,0,1699,279443722,0,26579112,1816439679,16384,134621,10203,467290,0,0,0,0,0,6,0,128,0,0,0,0,0,0,0,0,ON,ON,ON,ON,ON,ON,0,0,0,0,0,0,0,0,0,0,0,0,0,0,0,0,0,0,0,1,0,0,0,0,4151,24090.58058299205,100000,39.60977,22,9007,53,73,100000

69,spread-run,700000,true,uniform,READ,2,0,0,1722,,Buffer,,OFF,71088,1164705792,10393,170278912,481327,188496,4772,2589615,0,26221,259584,0,0,74466,0,0,0,40502774,10203,0,8033025,21745400,80819529,709132,0,0,0,167165952,10220,1186576,14617935872,410882,3616,0,0,0,0,0,0,0,0,0,0,2,1,0,3804278,700863,2873053544541,2873053544541,2873031799141,0,1722,279463722,0,26579112,1841568463,16384,136621,10203,481327,0,0,0,0,0,6,0,128,0,0,0,0,0,0,0,0,ON,ON,ON,ON,ON,ON,0,0,0,0,0,0,0,0,0,0,0,0,0,0,0,0,0,0,0,1,0,0,0,0,4008,24950.099800399203,100000,38.24739,24,8031,50,64,100000

70,spread-run,710000,true,uniform,READ,2,0,0,1741,,Buffer,,OFF,72659,1190445056,15198,249004032,487687,186925,4772,2633049,0,26801,259584,0,0,75420,0,0,0,41016659,10203,0,8130890,31681177,80819529,719288,0,0,0,167165952,10220,1203187,14822031360,416826,3674,0,0,0,0,0,0,0,0,0,0,2,1,0,3854297,710883,2873077283511,2873077283511,2873045602334,0,1741,279483722,0,26579112,1865307433,16384,138702,10203,487687,0,0,0,0,0,6,0,128,0,0,0,0,0,0,0,0,ON,ON,ON,ON,ON,ON,0,0,0,0,0,0,0,0,0,0,0,0,0,0,0,0,0,0,0,1,0,0,0,0,3859,25913.449080072558,100000,36.69471,23,8559,48,61,100000

71,spread-run,720000,true,uniform,READ,2,0,0,1761,,Buffer,,OFF,74000,1212416000,18742,307068928,494904,185584,4772,2675339,0,27296,259584,0,0,76413,0,0,0,41555743,10203,0,8233712,40190021,80819529,729453,0,0,0,167165952,10220,1220351,15043395584,423273,3733,0,0,0,0,0,0,0,0,0,0,2,1,0,3904318,720904,2873101574182,2873101574182,2873061384161,0,1761,279503722,0,26579112,1889598104,16384,140715,10203,494904,0,0,0,0,0,6,0,128,0,0,0,0,0,0,0,0,ON,ON,ON,ON,ON,ON,0,0,0,0,0,0,0,0,0,0,0,0,0,0,0,0,0,0,0,1,0,0,0,0,3937,25400.0508001016,100000,37.54541,22,7587,49,62,100000

72,spread-run,730000,true,uniform,READ,2,0,0,1781,,Buffer,,OFF,75335,1234288640,21548,353042432,501934,184249,4772,2717576,0,27789,259584,0,0,77516,0,0,0,42106114,10203,0,8339100,48839276,80819529,739613,0,0,0,167165952,10220,1237481,15263694848,429689,3793,0,0,0,0,0,0,0,0,0,0,2,1,0,3954338,730924,2873126576499,2873126576499,2873077737223,0,1781,279523722,0,26579112,1914600421,16384,142724,10203,501934,0,0,0,0,0,6,0,128,0,0,0,0,0,0,0,0,ON,ON,ON,ON,ON,ON,0,0,0,0,0,0,0,0,0,0,0,0,0,0,0,0,0,0,0,1,0,0,0,0,3970,25188.91687657431,100000,37.82339,22,7435,49,62,100000

73,spread-run,740000,true,uniform,READ,2,0,0,1801,,Buffer,,OFF,76351,1250934784,23617,386940928,509166,183233,4772,2759598,0,28164,259584,0,0,78566,0,0,0,42717593,10203,0,8456772,57158085,80819529,749781,0,0,0,167165952,10220,1254814,15490170880,436280,3853,0,0,0,0,0,0,0,0,0,0,2,1,0,4004359,740945,2873151689843,2873151689843,2873094531758,0,1801,279543722,0,26579112,1939713765,16384,144483,10203,509166,0,0,0,0,0,6,0,128,0,0,0,0,0,0,0,0,ON,ON,ON,ON,ON,ON,0,0,0,0,0,0,0,0,0,0,0,0,0,0,0,0,0,0,0,1,0,0,0,0,4105,24360.5359317905,100000,39.16379,22,8295,51,64,100000

74,spread-run,750000,true,uniform,READ,2,0,0,1822,,Buffer,,OFF,77431,1268629504,23983,392937472,516890,182153,4772,2801529,0,28562,259584,0,0,79513,0,0,0,43272548,10203,0,8562282,61305741,80819529,759950,0,0,0,167165952,10220,1272644,15730769920,443241,3916,0,0,0,0,0,0,0,0,0,0,2,1,0,4054380,750967,2873175167123,2873175167123,2873113861382,0,1822,279563722,0,26579112,1963191045,16384,146298,10203,516890,0,0,0,0,0,6,0,128,0,0,0,0,0,0,0,0,ON,ON,ON,ON,ON,ON,0,0,0,0,0,0,0,0,0,0,0,0,0,0,0,0,0,0,0,1,0,0,0,0,4102,24378.35202340322,100000,39.17075,22,7355,50,63,100000

75,spread-run,760000,true,uniform,READ,2,0,0,1842,,Buffer,,OFF,77747,1273806848,16308,267190272,532411,181837,4772,2843406,0,28679,259584,0,0,80571,0,0,0,43846298,10203,0,8672219,43474005,80819529,770243,0,0,0,167165952,10220,1298329,16211738624,457076,4036,0,0,0,0,0,0,0,0,0,0,2,1,0,4104426,760989,2873199653399,2873199653399,2873156179394,0,1842,279583724,0,26579112,1987677321,16384,148105,10203,532411,0,0,0,0,0,6,0,128,0,0,0,0,0,0,0,0,ON,ON,ON,ON,ON,ON,0,0,0,0,0,0,0,0,0,0,0,0,0,0,0,0,0,0,0,1,0,0,0,0,4117,24289.53121204761,100000,39.33961,22,8695,52,71,100000

76,spread-run,770000,true,uniform,READ,2,0,0,1866,,Buffer,,OFF,77747,1273806848,12192,199753728,547026,181837,4772,2886536,0,28679,259584,0,0,81598,0,0,0,44397298,10203,0,8776042,23966008,80819529,780472,0,0,0,167165952,10220,1323066,16662921216,469999,4139,0,0,0,0,0,0,0,0,0,0,2,1,0,4154436,770999,2873223559042,2873223559042,2873199593034,0,1866,279603724,0,26579112,2011582964,16384,149638,10203,547026,0,0,0,0,0,6,0,128,0,0,0,0,0,0,0,0,ON,ON,ON,ON,ON,ON,0,0,0,0,0,0,0,0,0,0,0,0,0,0,0,0,0,0,0,1,0,0,0,0,4041,24746.349913387774,100000,38.53262,22,8687,50,61,100000

77,spread-run,780000,true,uniform,READ,2,0,0,1886,,Buffer,,OFF,79117,1296252928,22453,367869952,547026,180467,4772,2929356,0,29185,259584,0,0,82669,0,0,0,45030396,10203,0,8897171,49221362,80819529,790473,0,0,0,167165952,10220,1333067,16662921216,469999,4139,0,0,0,0,0,0,0,0,0,0,2,1,0,4204436,781000,2873248814396,2873248814396,2873199593034,0,1886,279623724,0,26579112,2036838318,16384,151008,10203,547026,0,0,0,0,0,6,0,128,0,0,0,0,0,0,0,0,ON,ON,ON,ON,ON,ON,0,0,0,0,0,0,0,0,0,0,0,0,0,0,0,0,0,0,0,1,0,0,0,0,4021,24869.43546381497,100000,38.40428,23,7547,50,61,100000

78,spread-run,790000,true,uniform,READ,2,0,0,1903,,Buffer,,OFF,79910,1309245440,15020,246087680,563026,179674,4772,2972181,0,29478,259584,0,0,83709,0,0,0,45628832,10203,0,9011130,38928956,80819529,800731,0,0,0,167165952,10220,1359202,17164238848,484597,4258,0,0,0,0,0,0,0,0,0,0,2,1,0,4254445,791008,2873273440517,2873273440517,2873234511561,0,1903,279643724,0,26579112,2061464439,16384,152620,10203,563026,0,0,0,0,0,6,0,128,0,0,0,0,0,0,0,0,ON,ON,ON,ON,ON,ON,0,0,0,0,0,0,0,0,0,0,0,0,0,0,0,0,0,0,0,1,0,0,0,0,4070,24570.02457002457,100000,38.83599,22,8559,52,73,100000

79,spread-run,800000,true,uniform,READ,2,0,0,1927,,Buffer,,OFF,81010,1327267840,13788,225902592,576149,178574,4772,3015430,0,29884,259584,0,0,84876,0,0,0,46202050,10203,0,9120219,28291031,80819529,810939,0,0,0,167165952,10220,1382438,17571332096,496321,4352,0,0,0,0,0,0,0,0,0,0,2,1,0,4304454,801018,2873298901830,2873298901830,2873270610799,0,1927,279663724,0,26579112,2086925752,16384,154298,10203,576149,0,0,0,0,0,6,0,128,0,0,0,0,0,0,0,0,ON,ON,ON,ON,ON,ON,0,0,0,0,0,0,0,0,0,0,0,0,0,0,0,0,0,0,0,1,0,0,0,0,4093,24431.95699975568,100000,39.0417,23,7779,50,64,100000

80,spread-run,810000,true,uniform,READ,2,0,0,1947,,Buffer,,OFF,82566,1352761344,24241,397164544,576149,177018,4772,3057483,0,30458,259584,0,0,85898,0,0,0,46786986,10203,0,9231346,52860853,80819529,820941,0,0,0,167165952,10220,1392440,17571332096,496321,4352,0,0,0,0,0,0,0,0,0,0,2,1,0,4354454,811020,2873323471652,2873323471652,2873270610799,0,1947,279683724,0,26579112,2111495574,16384,155854,10203,576149,0,0,0,0,0,6,0,128,0,0,0,0,0,0,0,0,ON,ON,ON,ON,ON,ON,0,0,0,0,0,0,0,0,0,0,0,0,0,0,0,0,0,0,0,1,0,0,0,0,3768,26539.27813163482,100000,35.82154,25,8239,48,63,100000

81,spread-run,820000,true,uniform,READ,2,0,0,1962,,Buffer,,OFF,83278,1364426752,18780,307691520,590149,176306,4772,3100088,0,30721,259584,0,0,86922,0,0,0,47413505,10203,0,9353072,47159785,80819529,831170,0,0,0,167165952,10220,1416560,18008981504,509033,4456,0,0,0,0,0,0,0,0,0,0,2,1,0,4404462,821029,2873348196086,2873348196086,2873301036301,0,1962,279703724,0,26579112,2136220008,16384,157607,10203,590149,0,0,0,0,0,6,0,128,0,0,0,0,0,0,0,0,ON,ON,ON,ON,ON,ON,0,0,0,0,0,0,0,0,0,0,0,0,0,0,0,0,0,0,0,1,0,0,0,0,4096,24414.0625,100000,39.11933,22,7639,52,69,100000

82,spread-run,830000,true,uniform,READ,2,0,0,1986,,Buffer,,OFF,84073,1377452032,14919,244432896,605275,175511,4772,3142700,0,31014,259584,0,0,87954,0,0,0,48047268,10203,0,9474732,31573655,80819529,841412,0,0,0,167165952,10220,1441817,18479398912,522619,4566,0,0,0,0,0,0,0,0,0,0,2,1,0,4454472,831041,2873373013667,2873373013667,2873341440012,0,1986,279723724,0,26579112,2161037589,16384,158963,10203,605275,0,0,0,0,0,6,0,128,0,0,0,0,0,0,0,0,ON,ON,ON,ON,ON,ON,0,0,0,0,0,0,0,0,0,0,0,0,0,0,0,0,0,0,0,1,0,0,0,0,3872,25826.446280991735,100000,36.76699,23,8799,49,63,100000

83,spread-run,840000,true,uniform,READ,2,0,0,2006,,Buffer,,OFF,85615,1402716160,25471,417316864,605275,173969,4772,3185231,0,31583,259584,0,0,89029,0,0,0,48667966,10203,0,9593764,56547912,80819529,851414,0,0,0,167165952,10220,1451820,18479398912,522619,4566,0,0,0,0,0,0,0,0,0,0,2,1,0,4504496,841043,2873397987924,2873397987924,2873341440012,0,2006,279743726,0,26579112,2186011846,16384,160505,10203,605275,0,0,0,0,0,6,0,128,0,0,0,0,0,0,0,0,ON,ON,ON,ON,ON,ON,0,0,0,0,0,0,0,0,0,0,0,0,0,0,0,0,0,0,0,1,0,0,0,0,4066,24594.195769798327,100000,38.78056,22,8223,50,62,100000

84,spread-run,850000,true,uniform,READ,2,0,0,2022,,Buffer,,OFF,86434,1416134656,16706,273711104,623275,173150,4772,3228048,0,31886,259584,0,0,90154,0,0,0,49228790,10203,0,9701368,40444428,80819529,861707,0,0,0,167165952,10220,1480127,19046793216,539097,4701,0,0,0,0,0,0,0,0,0,0,2,1,0,4554506,851053,2873422943543,2873422943543,2873382499115,0,2022,279763726,0,26579112,2210967465,16384,162461,10203,623275,0,0,0,0,0,6,0,128,0,0,0,0,0,0,0,0,ON,ON,ON,ON,ON,ON,0,0,0,0,0,0,0,0,0,0,0,0,0,0,0,0,0,0,0,1,0,0,0,0,4040,24752.47524752475,100000,38.52179,24,7543,52,77,100000

85,spread-run,860000,true,uniform,READ,2,0,0,2047,,Buffer,,OFF,86775,1421721600,15386,252084224,635333,172809,4772,3270832,0,32012,259584,0,0,91149,0,0,0,49844162,10203,0,9818224,32970136,80819529,871910,0,0,0,167165952,10220,1502141,19416170496,549737,4788,0,0,0,0,0,0,0,0,0,0,2,1,0,4604516,861065,2873447385228,2873447385228,2873414415092,0,2047,279783726,0,26579112,2235409150,16384,163749,10203,635333,0,0,0,0,0,6,0,128,0,0,0,0,0,0,0,0,ON,ON,ON,ON,ON,ON,0,0,0,0,0,0,0,0,0,0,0,0,0,0,0,0,0,0,0,1,0,0,0,0,4106,24354.603019970775,100000,39.24788,24,8007,50,62,100000

86,spread-run,870000,true,uniform,READ,2,0,0,2066,,Buffer,,OFF,88388,1448148992,26255,430161920,635333,171196,4772,3313138,0,32607,259584,0,0,92155,0,0,0,50453256,10203,0,9934791,57801290,80819529,881911,0,0,0,167165952,10220,1512142,19416170496,549737,4788,0,0,0,0,0,0,0,0,0,0,2,1,0,4654516,871066,2873472216382,2873472216382,2873414415092,0,2066,279803726,0,26579112,2260240304,16384,165362,10203,635333,0,0,0,0,0,6,0,128,0,0,0,0,0,0,0,0,ON,ON,ON,ON,ON,ON,0,0,0,0,0,0,0,0,0,0,0,0,0,0,0,0,0,0,0,1,0,0,0,0,3830,26109.660574412534,100000,36.4086,23,8703,48,60,100000

87,spread-run,880000,true,uniform,READ,2,0,0,2082,,Buffer,,OFF,88789,1454718976,15259,250003456,655333,170795,4772,3355940,0,32755,259584,0,0,93218,0,0,0,51099265,10203,0,10058411,37511020,80819529,892235,0,0,0,167165952,10220,1542312,20042055680,567938,4937,0,0,0,0,0,0,0,0,0,0,2,1,0,4704527,881076,2873497486347,2873497486347,2873459975327,0,2082,279823726,0,26579112,2285510269,16384,166735,10203,655333,0,0,0,0,0,6,0,128,0,0,0,0,0,0,0,0,ON,ON,ON,ON,ON,ON,0,0,0,0,0,0,0,0,0,0,0,0,0,0,0,0,0,0,0,1,0,0,0,0,4043,24734.10833539451,100000,38.57615,22,7563,52,73,100000

88,spread-run,890000,true,uniform,READ,2,0,0,2106,,Buffer,,OFF,89384,1464467456,11501,188432384,670318,170200,4772,3398732,0,32975,259584,0,0,94280,0,0,0,51703053,10203,0,10174097,24653947,80819529,902525,0,0,0,167165952,10220,1567463,20508868608,581445,5053,0,0,0,0,0,0,0,0,0,0,2,1,0,4754552,891102,2873522897045,2873522897045,2873498243098,0,2106,279843726,0,26579112,2310920967,16384,168279,10203,670318,0,0,0,0,0,6,0,128,0,0,0,0,0,0,0,0,ON,ON,ON,ON,ON,ON,0,0,0,0,0,0,0,0,0,0,0,0,0,0,0,0,0,0,0,1,0,0,0,0,3897,25660.764690787786,100000,37.1493,22,8511,50,67,100000

89,spread-run,900000,true,uniform,READ,2,0,0,2127,,Buffer,,OFF,90848,1488453632,16855,276152320,676855,168736,4772,3441795,0,33515,259584,0,0,95420,0,0,0,52315848,10203,0,10291405,36061313,80819529,912695,0,0,0,167165952,10220,1584107,20714094592,587434,5116,0,0,0,0,0,0,0,0,0,0,2,1,0,4804574,901125,2873548288822,2873548288822,2873512227509,0,2127,279863726,0,26579112,2336312744,16384,170030,10203,676855,0,0,0,0,0,6,0,128,0,0,0,0,0,0,0,0,ON,ON,ON,ON,ON,ON,0,0,0,0,0,0,0,0,0,0,0,0,0,0,0,0,0,0,0,1,0,0,0,0,4106,24354.603019970775,100000,39.18816,24,7419,51,66,100000

90,spread-run,910000,true,uniform,READ,2,0,0,2146,,Buffer,,OFF,92270,1511751680,21635,354467840,683063,167314,4772,3484639,0,34040,259584,0,0,96580,0,0,0,52901200,10203,0,10403999,48040891,80819529,922852,0,0,0,167165952,10220,1600411,20908490752,593091,5173,0,0,0,0,0,0,0,0,0,0,2,1,0,4854594,911145,2873574224675,2873574224675,2873526183784,0,2146,279883726,0,26579112,2362248597,16384,171842,10203,683063,0,0,0,0,0,6,0,128,0,0,0,0,0,0,0,0,ON,ON,ON,ON,ON,ON,0,0,0,0,0,0,0,0,0,0,0,0,0,0,0,0,0,0,0,1,0,0,0,0,4144,24131.27413127413,100000,39.49302,23,20287,50,63,100000

91,spread-run,920000,true,uniform,READ,2,0,0,2164,,Buffer,,OFF,93773,1536376832,25759,422035456,689338,165811,4772,3527158,0,34595,259584,0,0,97736,0,0,0,53508613,10203,0,10523703,59135220,80819529,932998,0,0,0,167165952,10220,1616779,21104492544,598779,5227,0,0,0,0,0,0,0,0,0,0,2,1,0,4904612,921165,2873599257053,2873599257053,2873540121833,0,2164,279903726,0,26579112,2387280975,16384,173626,10203,689338,0,0,0,0,0,6,0,128,0,0,0,0,0,0,0,0,ON,ON,ON,ON,ON,ON,0,0,0,0,0,0,0,0,0,0,0,0,0,0,0,0,0,0,0,1,0,0,0,0,3908,25588.536335721597,100000,37.08423,22,7495,50,65,100000

92,spread-run,930000,true,uniform,READ,2,0,0,2182,,Buffer,,OFF,94455,1547550720,16378,268337152,707511,165129,4772,3569939,0,34847,259584,0,0,99005,0,0,0,54081103,10203,0,10634761,41978953,80819529,943317,0,0,0,167165952,10220,1645129,21669904384,615116,5364,0,0,0,0,0,0,0,0,0,0,2,1,0,4954655,931186,2873625563220,2873625563220,2873583584267,0,2182,279923728,0,26579112,2413587142,16384,175575,10203,707511,0,0,0,0,0,6,0,128,0,0,0,0,0,0,0,0,ON,ON,ON,ON,ON,ON,0,0,0,0,0,0,0,0,0,0,0,0,0,0,0,0,0,0,0,1,0,0,0,0,3721,26874.496103198064,100000,35.21652,22,7375,50,72,100000

93,spread-run,940000,true,uniform,READ,2,0,0,2207,,Buffer,,OFF,95476,1564278784,14349,235094016,720830,164108,4772,3612859,0,35224,259584,0,0,100205,0,0,0,54695106,10203,0,10753960,31311310,80819529,953527,0,0,0,167165952,10220,1668561,22079406080,626791,5459,0,0,0,0,0,0,0,0,0,0,2,1,0,5004664,941196,2873651755197,2873651755197,2873620443887,0,2207,279943728,0,26579112,2439779119,16384,177405,10203,720830,0,0,0,0,0,6,0,128,0,0,0,0,0,0,0,0,ON,ON,ON,ON,ON,ON,0,0,0,0,0,0,0,0,0,0,0,0,0,0,0,0,0,0,0,1,0,0,0,0,4117,24289.53121204761,100000,39.34778,23,20271,51,66,100000

94,spread-run,950000,true,uniform,READ,2,0,0,2226,,Buffer,,OFF,97163,1591918592,24291,397983744,720830,162421,4772,3655016,0,35846,259584,0,0,101307,0,0,0,55307749,10203,0,10871648,56860841,80819529,963531,0,0,0,167165952,10220,1678565,22079406080,626791,5459,0,0,0,0,0,0,0,0,0,0,2,1,0,5054664,951200,2873677304728,2873677304728,2873620443887,0,2226,279963728,0,26579112,2465328650,16384,179092,10203,720830,0,0,0,0,0,6,0,128,0,0,0,0,0,0,0,0,ON,ON,ON,ON,ON,ON,0,0,0,0,0,0,0,0,0,0,0,0,0,0,0,0,0,0,0,1,0,0,0,0,4054,24666.9955599408,100000,38.68428,24,7343,50,62,100000

95,spread-run,960000,true,uniform,READ,2,0,0,2243,,Buffer,,OFF,97972,1605173248,13485,220938240,740830,161612,4772,3698303,0,36145,259584,0,0,102493,0,0,0,55914372,10203,0,10989087,34393710,80819529,973842,0,0,0,167165952,10220,1708730,22699884544,644662,5603,0,0,0,0,0,0,0,0,0,0,2,1,0,5104675,961210,2873703270180,2873703270180,2873668876470,0,2243,279983728,0,26579112,2491294102,16384,181300,10203,740830,0,0,0,0,0,6,0,128,0,0,0,0,0,0,0,0,ON,ON,ON,ON,ON,ON,0,0,0,0,0,0,0,0,0,0,0,0,0,0,0,0,0,0,0,1,0,0,0,0,3754,26638.252530633992,100000,35.50587,25,7623,50,69,100000

96,spread-run,970000,true,uniform,READ,2,0,0,2268,,Buffer,,OFF,99140,1624309760,16310,267223040,749592,160444,4772,3741173,0,36576,259584,0,0,103654,0,0,0,56479363,10203,0,11097001,33873086,80819529,983993,0,0,0,167165952,10220,1727575,22969450496,652353,5667,0,0,0,0,0,0,0,0,0,0,2,1,0,5154685,971220,2873728418945,2873728418945,2873694545859,0,2268,280003728,0,26579112,2516442867,16384,183252,10203,749592,0,0,0,0,0,6,0,128,0,0,0,0,0,0,0,0,ON,ON,ON,ON,ON,ON,0,0,0,0,0,0,0,0,0,0,0,0,0,0,0,0,0,0,0,1,0,0,0,0,4098,24402.14738897023,100000,39.15943,25,7955,50,60,100000

97,spread-run,980000,true,uniform,READ,2,0,0,2286,,Buffer,,OFF,100880,1652817920,27386,448692224,749592,158704,4772,3783548,0,37218,259584,0,0,104905,0,0,0,57103136,10203,0,11216683,60146341,80819529,993994,0,0,0,167165952,10220,1737576,22969450496,652353,5667,0,0,0,0,0,0,0,0,0,0,2,1,0,5204685,981221,2873754692200,2873754692200,2873694545859,0,2286,280023728,0,26579112,2542716122,16384,184992,10203,749592,0,0,0,0,0,6,0,128,0,0,0,0,0,0,0,0,ON,ON,ON,ON,ON,ON,0,0,0,0,0,0,0,0,0,0,0,0,0,0,0,0,0,0,0,1,0,0,0,0,3984,25100.4016064257,100000,37.93576,23,7563,50,64,100000

98,spread-run,990000,true,uniform,READ,2,0,0,2302,,Buffer,,OFF,101384,1661075456,14750,241664000,771592,158200,4772,3826223,0,37404,259584,0,0,106125,0,0,0,57722209,10203,0,11337046,36406595,80819529,1004343,0,0,0,167165952,10220,1769759,23653466112,672102,5828,0,0,0,0,0,0,0,0,0,0,2,1,0,5254697,991232,2873781221134,2873781221134,2873744814539,0,2302,280043728,0,26579112,2569245056,16384,187135,10203,771592,0,0,0,0,0,6,0,128,0,0,0,0,0,0,0,0,ON,ON,ON,ON,ON,ON,0,0,0,0,0,0,0,0,0,0,0,0,0,0,0,0,0,0,0,1,0,0,0,0,4215,23724.79240806643,100000,40.33008,22,8063,53,72,100000

99,spread-run,1000000,true,uniform,READ,2,0,0,2328,,Buffer,,OFF,101682,1665957888,12066,197689344,785455,157902,4772,3869161,0,37514,259584,0,0,107254,0,0,0,58332325,10203,0,11453931,24645179,80819529,1014611,0,0,0,167165952,10220,1793778,24080924672,684329,5932,0,0,0,0,0,0,0,0,0,0,2,1,0,5304724,1001257,2873806361108,2873806361108,2873781715929,0,2328,280063728,0,26579112,2594385030,16384,188736,10203,785455,0,0,0,0,0,6,0,128,0,0,0,0,0,0,0,0,ON,ON,ON,ON,ON,ON,0,0,0,0,0,0,0,0,0,0,0,0,0,0,0,0,0,0,0,1,0,0,0,0,3757,26616.98163428267,100000,35.69847,25,7987,48,62,100000

100,spread-run,1010000,true,uniform,READ,2,0,0,2348,,Buffer,,OFF,103485,1695498240,16633,272515072,792219,156099,4772,3911682,0,38180,259584,0,0,108357,0,0,0,58928904,10203,0,11568853,36089830,80819529,1024780,0,0,0,167165952,10220,1810648,24292573184,690483,5995,0,0,0,0,0,0,0,0,0,0,2,1,0,5354770,1011279,2873831934785,2873831934785,2873795844955,0,2348,280083730,0,26579112,2619958707,16384,190703,10203,792219,0,0,0,0,0,6,0,128,0,0,0,0,0,0,0,0,ON,ON,ON,ON,ON,ON,0,0,0,0,0,0,0,0,0,0,0,0,0,0,0,0,0,0,0,1,0,0,0,0,4030,24813.89578163772,100000,38.48759,25,7795,50,62,100000

