Epoch,Phase,Recordcount,Readallfields,Requestdist,Operation,CPU,Memory,Readprop,Updateprop,Scanprop,Insertprop,Extendprop,Runtime(ms),Throughput(ops/sec),Operations,AverageLatency(us),MinLatency(us),MaxLatency(us),95thPercentileLatency(us),99thPercentileLatency(us),Return=OK,
1,extend,10000,true,uniform,EXTEND,10.8,383.023,0,0,0,0,1,16895,5918.910920390648,100000,163.50198,109,48255,256,635,100000

1,run,10000,true,uniform,READ,12.7,382.41,1,0,0,0,0,6963,14361.625736033318,100000,65.03808,45,26031,92,242,100000

1,reference,10000,true,uniform,READ,14.5,381.828,1,0,0,0,0,7158,13970.382788488405,100000,66.93452,44,32735,105,228,100000

1,clean-run,10000,true,uniform,READ,20.6,428.184,1,0,0,0,0,6895,14503.263234227701,100000,64.44304,45,34687,93,252,100000

1,avg-run,10000,true,uniform,READ,25.8,472.41,1,0,0,0,0,6995,14295.925661186562,100000,65.59215,42,29519,100,248,100000

2,extend,10000,true,uniform,EXTEND,28.1,489.02,0,0,0,0,1,16913,5912.61160054396,100000,163.98256,112,31951,256,620,100000

2,run,10000,true,uniform,READ,28.7,488.539,1,0,0,0,0,6900,14492.753623188406,100000,64.44668,46,27151,92,267,100000

2,reference,10000,true,uniform,READ,29.4,487.719,1,0,0,0,0,6968,14351.320321469575,100000,65.26602,44,33279,93,275,100000

2,clean-run,10000,true,uniform,READ,32.1,540.312,1,0,0,0,0,7066,14152.278516841212,100000,66.25765,45,33087,96,261,100000

2,avg-run,10000,true,uniform,READ,34.7,578.039,1,0,0,0,0,7207,13875.398917718885,100000,67.60169,46,33823,116,249,100000

3,extend,10000,true,uniform,EXTEND,36.2,604.445,0,0,0,0,1,17270,5790.387955993052,100000,167.31503,113,36095,272,663,100000

3,run,10000,true,uniform,READ,36.6,603.496,1,0,0,0,0,7130,14025.245441795232,100000,66.78277,46,31951,94,270,100000

3,reference,10000,true,uniform,READ,37,602.527,1,0,0,0,0,6884,14526.43811737362,100000,64.35072,44,29567,94,249,100000

3,clean-run,10000,true,uniform,READ,38.5,617.438,1,0,0,0,0,7170,13947.001394700139,100000,67.20284,46,29855,102,255,100000

3,avg-run,10000,true,uniform,READ,40,635.918,1,0,0,0,0,7233,13825.521913452232,100000,67.86584,46,39103,112,257,100000

4,extend,10000,true,uniform,EXTEND,41.3,649.684,0,0,0,0,1,17901,5586.280096084018,100000,173.40639,115,34431,280,644,100000

4,run,10000,true,uniform,READ,41.5,649.824,1,0,0,0,0,7298,13702.384214853384,100000,68.18893,45,42271,101,248,100000

4,reference,10000,true,uniform,READ,41.8,649.062,1,0,0,0,0,6957,14374.011786689665,100000,65.1194,45,31679,95,237,100000

4,clean-run,10000,true,uniform,READ,42.9,674.84,1,0,0,0,0,7133,14019.346698443853,100000,66.92382,46,35967,98,259,100000

4,avg-run,10000,true,uniform,READ,43.8,675.16,1,0,0,0,0,7355,13596.193065941536,100000,69.00905,47,40575,102,281,100000

5,extend,10000,true,uniform,EXTEND,44.8,671.492,0,0,0,0,1,17877,5593.779716954747,100000,173.66761,115,38975,278,618,100000

5,run,10000,true,uniform,READ,45,670.719,1,0,0,0,0,7429,13460.761879122358,100000,69.69754,47,36863,102,299,100000

5,reference,10000,true,uniform,READ,45.2,670.273,1,0,0,0,0,7066,14152.278516841212,100000,66.18689,44,34495,98,239,100000

5,clean-run,10000,true,uniform,READ,45.9,680.43,1,0,0,0,0,7360,13586.95652173913,100000,68.8861,46,32287,104,275,100000

5,avg-run,10000,true,uniform,READ,46.5,688.555,1,0,0,0,0,7124,14037.05783267827,100000,66.58524,47,29695,97,253,100000

6,extend,10000,true,uniform,EXTEND,47.4,702.793,0,0,0,0,1,18552,5390.254420008624,100000,180.02349,118,46271,284,654,100000

6,run,10000,true,uniform,READ,47.6,702.375,1,0,0,0,0,7561,13225.763787858748,100000,70.96674,47,31087,104,287,100000

6,reference,10000,true,uniform,READ,47.7,701.52,1,0,0,0,0,6982,14322.543683758235,100000,65.33259,46,35615,96,248,100000

6,clean-run,10000,true,uniform,READ,48.3,712.465,1,0,0,0,0,7431,13457.139012245996,100000,69.65131,47,35807,106,305,100000

6,avg-run,10000,true,uniform,READ,48.7,727.402,1,0,0,0,0,7392,13528.138528138528,100000,69.37717,48,40607,105,263,100000

7,extend,10000,true,uniform,EXTEND,49.4,745.176,0,0,0,0,1,18575,5383.580080753702,100000,180.32183,116,33855,283,679,100000

7,run,10000,true,uniform,READ,49.6,739.875,1,0,0,0,0,7420,13477.088948787063,100000,69.49218,48,32991,105,249,100000

7,reference,10000,true,uniform,READ,49.7,748.258,1,0,0,0,0,6848,14602.803738317756,100000,64.12185,45,39871,91,245,100000

7,clean-run,10000,true,uniform,READ,50.1,758.543,1,0,0,0,0,7476,13376.136971642589,100000,70.41804,49,37759,104,298,100000

7,avg-run,10000,true,uniform,READ,50.4,794.652,1,0,0,0,0,7178,13931.457230426302,100000,67.18118,47,30399,98,246,100000

8,extend,10000,true,uniform,EXTEND,51.1,821.008,0,0,0,0,1,18865,5300.821627352239,100000,183.29875,119,33567,293,697,100000

8,run,10000,true,uniform,READ,51.1,820.309,1,0,0,0,0,7809,12805.736970162632,100000,73.34428,48,34303,120,285,100000

8,reference,10000,true,uniform,READ,51.1,818.48,1,0,0,0,0,7032,14220.70534698521,100000,65.72545,44,31919,96,255,100000

8,clean-run,10000,true,uniform,READ,51.5,930.211,1,0,0,0,0,7717,12958.403524685758,100000,72.75274,48,37407,115,286,100000

8,avg-run,10000,true,uniform,READ,51.8,926.336,1,0,0,0,0,7419,13478.905512872354,100000,69.72506,47,38399,107,280,100000

9,extend,10000,true,uniform,EXTEND,52.5,953.078,0,0,0,0,1,19198,5208.875924575476,100000,186.76912,119,35903,299,685,100000

9,run,10000,true,uniform,READ,52.5,952.332,1,0,0,0,0,7474,13379.71635001338,100000,70.17111,47,31071,102,268,100000

9,reference,10000,true,uniform,READ,52.5,950.41,1,0,0,0,0,6894,14505.36698578474,100000,64.51249,45,37087,93,248,100000

9,clean-run,10000,true,uniform,READ,52.7,974.379,1,0,0,0,0,7526,13287.270794578793,100000,70.63064,48,40095,105,264,100000

9,avg-run,10000,true,uniform,READ,53,1022.75,1,0,0,0,0,7569,13211.784912141631,100000,71.14853,49,34527,109,276,100000

10,extend,10000,true,uniform,EXTEND,53.6,1026.11,0,0,0,0,1,19625,5095.541401273886,100000,190.82553,121,38943,305,624,100000

10,run,10000,true,uniform,READ,53.6,1023.89,1,0,0,0,0,7667,13042.911177774879,100000,71.95989,49,35647,106,318,100000

10,reference,10000,true,uniform,READ,53.6,1021.52,1,0,0,0,0,7090,14104.372355430183,100000,66.3961,46,28383,104,244,100000

10,clean-run,10000,true,uniform,READ,53.8,1034.36,1,0,0,0,0,7696,12993.762993762994,100000,72.5217,50,38879,102,311,100000

10,avg-run,10000,true,uniform,READ,54.1,1041.68,1,0,0,0,0,8100,12345.67901234568,100000,76.39474,49,37759,126,312,100000

11,extend,10000,true,uniform,EXTEND,54.6,1031.88,0,0,0,0,1,20237,4941.44388990463,100000,196.75561,122,37279,325,700,100000

11,run,10000,true,uniform,READ,54.6,1027.64,1,0,0,0,0,7684,13014.055179593961,100000,72.08876,50,31199,106,288,100000

11,reference,10000,true,uniform,READ,54.7,1023.81,1,0,0,0,0,7046,14192.44961680386,100000,66.03777,44,33311,100,240,100000

11,clean-run,10000,true,uniform,READ,54.8,1042.16,1,0,0,0,0,7633,13101.008777675881,100000,71.88414,50,33823,105,279,100000

11,avg-run,10000,true,uniform,READ,54.9,1041.57,1,0,0,0,0,7577,13197.835554968986,100000,71.18832,49,36255,106,258,100000

12,extend,10000,true,uniform,EXTEND,55.4,1049.7,0,0,0,0,1,20812,4804.920238324044,100000,202.03757,117,109823,364,716,100000

12,run,10000,true,uniform,READ,55.4,1046.71,1,0,0,0,0,7973,12542.330364981814,100000,75.35641,50,35391,113,302,100000

12,reference,10000,true,uniform,READ,55.5,1043.94,1,0,0,0,0,6799,14708.045300779526,100000,63.54102,45,34335,91,241,100000

12,clean-run,10000,true,uniform,READ,55.6,1059.23,1,0,0,0,0,7801,12818.869375721062,100000,73.28779,50,41791,106,293,100000

12,avg-run,10000,true,uniform,READ,55.8,1045.43,1,0,0,0,0,7945,12586.532410320957,100000,74.85373,50,38943,115,300,100000

13,extend,10000,true,uniform,EXTEND,56.2,1046.75,0,0,0,0,1,20769,4814.86831335163,100000,202.26995,124,54111,342,725,100000

13,run,10000,true,uniform,READ,56.3,1045.23,1,0,0,0,0,7751,12901.561088891756,100000,73.04482,50,36447,108,297,100000

13,reference,10000,true,uniform,READ,56.3,1042.02,1,0,0,0,0,7059,14166.312508853945,100000,66.10848,44,39967,110,240,100000

13,clean-run,10000,true,uniform,READ,56.4,1057.71,1,0,0,0,0,8030,12453.300124533002,100000,75.65915,51,33631,108,337,100000

13,avg-run,10000,true,uniform,READ,56.4,1066.91,1,0,0,0,0,7827,12776.287210936502,100000,73.48522,51,41599,103,276,100000

14,extend,10000,true,uniform,EXTEND,56.8,1070.9,0,0,0,0,1,21825,4581.901489117984,100000,212.60863,126,54527,361,831,100000

14,run,10000,true,uniform,READ,56.8,1068.45,1,0,0,0,0,7867,12711.32579128003,100000,74.03386,51,32367,109,284,100000

14,reference,10000,true,uniform,READ,56.9,1064.91,1,0,0,0,0,6886,14522.218995062445,100000,64.46786,44,32335,92,275,100000

14,clean-run,10000,true,uniform,READ,56.9,1084.5,1,0,0,0,0,8067,12396.181975951407,100000,76.11304,52,36383,106,317,100000

14,avg-run,10000,true,uniform,READ,57.1,1111.49,1,0,0,0,0,7939,12596.044841919636,100000,74.54623,52,35647,108,297,100000

15,extend,10000,true,uniform,EXTEND,57.5,1109.21,0,0,0,0,1,22297,4484.9082836256,100000,217.35809,124,127359,331,678,100000

15,run,10000,true,uniform,READ,57.5,1108.36,1,0,0,0,0,8269,12093.360744951022,100000,77.89176,52,33631,127,330,100000

15,reference,10000,true,uniform,READ,57.4,1103.09,1,0,0,0,0,6956,14376.07820586544,100000,65.029,45,42399,102,254,100000

15,clean-run,10000,true,uniform,READ,57.6,1122.27,1,0,0,0,0,8195,12202.562538133008,100000,77.33119,50,33695,132,289,100000

15,avg-run,10000,true,uniform,READ,57.6,1138.52,1,0,0,0,0,7884,12683.916793505834,100000,74.14012,51,43487,108,295,100000

16,extend,10000,true,uniform,EXTEND,58,1152.19,0,0,0,0,1,22212,4502.070952638213,100000,216.43335,127,81151,377,787,100000

16,run,10000,true,uniform,READ,58,1146.76,1,0,0,0,0,8339,11991.84554502938,100000,78.56731,54,35167,114,342,100000

16,reference,10000,true,uniform,READ,58,1141.25,1,0,0,0,0,7087,14110.342881332017,100000,66.39587,44,32143,98,253,100000

16,clean-run,10000,true,uniform,READ,58,1159.94,1,0,0,0,0,8085,12368.583797155226,100000,76.27681,52,37375,109,284,100000

16,avg-run,10000,true,uniform,READ,58.1,1191.29,1,0,0,0,0,8366,11953.143676786995,100000,78.83984,53,38655,116,350,100000

17,extend,10000,true,uniform,EXTEND,58.4,1204.06,0,0,0,0,1,22945,4358.247984310307,100000,223.77063,129,110143,376,842,100000

17,run,10000,true,uniform,READ,58.4,1199.01,1,0,0,0,0,8485,11785.503830288744,100000,80.28002,54,32319,113,387,100000

17,reference,10000,true,uniform,READ,58.4,1193.12,1,0,0,0,0,6827,14647.722279185587,100000,63.50526,44,34207,89,262,100000

17,clean-run,10000,true,uniform,READ,58.5,1207.48,1,0,0,0,0,8308,12036.59123736158,100000,78.26411,53,32991,116,282,100000

17,avg-run,10000,true,uniform,READ,58.5,1203.25,1,0,0,0,0,8135,12292.562999385373,100000,76.89425,53,40447,114,295,100000

18,extend,10000,true,uniform,EXTEND,58.8,1225.09,0,0,0,0,1,23375,4278.07486631016,100000,228.13147,131,188927,397,835,100000

18,run,10000,true,uniform,READ,58.8,1218.77,1,0,0,0,0,8264,12100.677637947725,100000,78.17704,54,29887,113,371,100000

18,reference,10000,true,uniform,READ,58.8,1213.63,1,0,0,0,0,7124,14037.05783267827,100000,66.59739,46,38783,104,250,100000

18,clean-run,10000,true,uniform,READ,58.8,1228.57,1,0,0,0,0,8528,11726.078799249532,100000,80.82227,54,31151,124,284,100000

18,avg-run,10000,true,uniform,READ,58.8,1236.68,1,0,0,0,0,8474,11800.80245456691,100000,79.96937,55,36191,111,363,100000

19,extend,10000,true,uniform,EXTEND,59.2,1254.26,0,0,0,0,1,23587,4239.6235214312965,100000,230.49285,132,130239,383,856,100000

19,run,10000,true,uniform,READ,59.1,1247.7,1,0,0,0,0,8523,11732.957878681216,100000,80.76715,54,40383,120,369,100000

19,reference,10000,true,uniform,READ,59.2,1241.3,1,0,0,0,0,6891,14511.681903932666,100000,64.37191,45,42687,90,272,100000

19,clean-run,10000,true,uniform,READ,59.1,1250.55,1,0,0,0,0,8401,11903.344839900012,100000,79.2348,53,38623,114,332,100000

19,avg-run,10000,true,uniform,READ,59.2,1291.09,1,0,0,0,0,8502,11761.938367442955,100000,80.15574,54,29103,119,320,100000

20,extend,10000,true,uniform,EXTEND,59.5,1301.27,0,0,0,0,1,24001,4166.493062789051,100000,234.33145,132,120511,368,799,100000

20,run,10000,true,uniform,READ,59.5,1288.25,1,0,0,0,0,8348,11978.917105893628,100000,78.71303,54,35007,114,289,100000

20,reference,10000,true,uniform,READ,59.5,1282.14,1,0,0,0,0,6844,14611.338398597312,100000,64.00454,45,35807,94,255,100000

20,clean-run,10000,true,uniform,READ,59.5,1300.32,1,0,0,0,0,8554,11690.437222352117,100000,80.94188,54,31455,125,305,100000

20,avg-run,10000,true,uniform,READ,59.5,1321.58,1,0,0,0,0,8689,11508.804235239959,100000,82.5181,56,35711,122,315,100000

21,extend,10000,true,uniform,EXTEND,59.8,1328.7,0,0,0,0,1,24174,4136.675767353355,100000,236.24598,131,93375,380,780,100000

21,run,10000,true,uniform,READ,59.8,1321.71,1,0,0,0,0,8688,11510.12891344383,100000,82.04537,54,31247,121,375,100000

21,reference,10000,true,uniform,READ,59.8,1315.71,1,0,0,0,0,6822,14658.45793022574,100000,63.65695,46,30495,95,255,100000

21,clean-run,10000,true,uniform,READ,59.8,1311.47,1,0,0,0,0,9004,11106.175033318525,100000,85.5199,56,40639,130,403,100000

21,avg-run,10000,true,uniform,READ,59.8,1365.47,1,0,0,0,0,8593,11637.379262190154,100000,81.30545,56,41311,121,314,100000

22,extend,10000,true,uniform,EXTEND,60,1378.07,0,0,0,0,1,25297,3953.037909633553,100000,247.36819,134,322815,403,831,100000

22,run,10000,true,uniform,READ,60,1373.96,1,0,0,0,0,8826,11330.160888284614,100000,83.67334,56,28575,123,391,100000

22,reference,10000,true,uniform,READ,60.1,1367.37,1,0,0,0,0,6898,14496.955639315744,100000,64.71222,45,40319,96,249,100000

22,clean-run,10000,true,uniform,READ,60,1373.55,1,0,0,0,0,8740,11441.647597254005,100000,82.89719,56,31359,132,328,100000

22,avg-run,10000,true,uniform,READ,60,1384.5,1,0,0,0,0,8752,11425.959780621572,100000,82.67376,57,28879,120,371,100000

23,extend,10000,true,uniform,EXTEND,60.3,1403.97,0,0,0,0,1,25941,3854.9015072664893,100000,253.63629,135,304383,397,834,100000

23,run,10000,true,uniform,READ,60.3,1397.64,1,0,0,0,0,8720,11467.88990825688,100000,82.28703,55,28207,114,355,100000

23,reference,10000,true,uniform,READ,60.3,1391.48,1,0,0,0,0,6953,14382.281029771322,100000,64.81474,47,38207,92,247,100000

23,clean-run,10000,true,uniform,READ,60.3,1405.48,1,0,0,0,0,8845,11305.822498586773,100000,83.84751,54,40319,137,338,100000

23,avg-run,10000,true,uniform,READ,60.2,1415.71,1,0,0,0,0,8648,11563.367252543942,100000,81.803,57,32143,118,323,100000

24,extend,10000,true,uniform,EXTEND,60.5,1437.6,0,0,0,0,1,26557,3765.48555936288,100000,259.95619,131,346367,430,843,100000

24,run,10000,true,uniform,READ,60.5,1431.97,1,0,0,0,0,9000,11111.111111111111,100000,85.30441,57,33087,135,362,100000

24,reference,10000,true,uniform,READ,60.5,1425.57,1,0,0,0,0,6812,14679.976512037581,100000,63.62843,46,29455,91,232,100000

24,clean-run,10000,true,uniform,READ,60.5,1439.59,1,0,0,0,0,8848,11301.989150090416,100000,83.60618,55,33791,117,341,100000

24,avg-run,10000,true,uniform,READ,60.4,1456.77,1,0,0,0,0,8786,11381.743683132256,100000,83.14022,58,28399,117,353,100000

25,extend,10000,true,uniform,EXTEND,60.7,1464.32,0,0,0,0,1,27550,3629.764065335753,100000,269.69703,136,332031,397,829,100000

25,run,10000,true,uniform,READ,60.7,1457.91,1,0,0,0,0,8858,11289.230074508918,100000,83.97462,56,32703,122,381,100000

25,reference,10000,true,uniform,READ,60.6,1451.62,1,0,0,0,0,6805,14695.077149155033,100000,63.5458,43,33855,90,231,100000

25,clean-run,10000,true,uniform,READ,60.7,1468.94,1,0,0,0,0,8916,11215.791834903544,100000,84.44561,58,37439,118,352,100000

25,avg-run,10000,true,uniform,READ,60.7,1476.19,1,0,0,0,0,8956,11165.698972755694,100000,84.93262,59,35679,122,382,100000

26,extend,10000,true,uniform,EXTEND,60.8,1491.2,0,0,0,0,1,27801,3596.9929139239593,100000,272.12328,136,306175,428,898,100000

26,run,10000,true,uniform,READ,60.8,1484.93,1,0,0,0,0,8966,11153.24559446799,100000,84.91909,57,39295,119,411,100000

26,reference,10000,true,uniform,READ,60.8,1478.33,1,0,0,0,0,6854,14590.020426028597,100000,64.11663,46,39615,90,235,100000

26,clean-run,10000,true,uniform,READ,60.8,1465.2,1,0,0,0,0,9353,10691.756655618517,100000,88.98461,59,39839,148,363,100000

26,avg-run,10000,true,uniform,READ,60.8,1512.72,1,0,0,0,0,9020,11086.474501108647,100000,85.39676,58,32255,119,380,100000

27,extend,10000,true,uniform,EXTEND,61,1525.73,0,0,0,0,1,28245,3540.449637103912,100000,276.78166,139,269823,405,832,100000

27,run,10000,true,uniform,READ,61,1519.49,1,0,0,0,0,9151,10927.767457108514,100000,86.97792,59,31951,128,392,100000

27,reference,10000,true,uniform,READ,60.9,1512.81,1,0,0,0,0,7278,13740.038472107723,100000,67.85886,45,35615,114,269,100000

27,clean-run,10000,true,uniform,READ,60.9,1522.52,1,0,0,0,0,9079,11014.428901861438,100000,86.26337,58,41791,127,395,100000

27,avg-run,10000,true,uniform,READ,60.9,1532.24,1,0,0,0,0,9322,10727.311735679039,100000,88.5781,60,28047,125,417,100000

28,extend,10000,true,uniform,EXTEND,61.1,1542.7,0,0,0,0,1,27486,3638.215818962381,100000,269.02899,142,151679,474,920,100000

28,run,10000,true,uniform,READ,61.1,1536.68,1,0,0,0,0,9048,11052.166224580018,100000,85.69088,57,30095,121,324,100000

28,reference,10000,true,uniform,READ,61.1,1530.57,1,0,0,0,0,6701,14923.145799134458,100000,62.54788,44,32191,89,227,100000

28,clean-run,10000,true,uniform,READ,61.1,1554.71,1,0,0,0,0,9228,10836.584308625921,100000,87.53509,59,30767,125,407,100000

28,avg-run,10000,true,uniform,READ,61.1,1738.38,1,0,0,0,0,9537,10485.477613505294,100000,90.36676,60,36159,133,450,100000

29,extend,10000,true,uniform,EXTEND,61.3,1748.91,0,0,0,0,1,27859,3589.504289457626,100000,272.72788,141,255231,479,983,100000

29,run,10000,true,uniform,READ,61.3,1742.36,1,0,0,0,0,9206,10862.480990658267,100000,87.18755,60,30543,120,345,100000

29,reference,10000,true,uniform,READ,61.3,1735.63,1,0,0,0,0,6967,14353.380221042056,100000,65.33857,45,42623,96,258,100000

29,clean-run,10000,true,uniform,READ,61.3,1732.63,1,0,0,0,0,9187,10884.946119516708,100000,86.90684,60,38911,118,337,100000

29,avg-run,10000,true,uniform,READ,61.2,1735.88,1,0,0,0,0,9344,10702.054794520547,100000,88.6399,60,33247,132,377,100000

30,extend,10000,true,uniform,EXTEND,61.4,1759.16,0,0,0,0,1,29989,3334.556003868085,100000,294.19636,144,444927,599,1067,100000

30,run,10000,true,uniform,READ,61.4,1753.62,1,0,0,0,0,9640,10373.443983402489,100000,91.76471,61,36511,139,453,100000

30,reference,10000,true,uniform,READ,61.4,1747.87,1,0,0,0,0,6847,14604.936468526363,100000,63.99353,45,27215,90,237,100000

30,clean-run,10000,true,uniform,READ,61.4,1868,1,0,0,0,0,9528,10495.382031905961,100000,90.50042,60,30847,138,414,100000

30,avg-run,10000,true,uniform,READ,61.4,1868.68,1,0,0,0,0,9652,10360.547036883547,100000,91.80916,62,35455,147,430,100000

31,extend,10000,true,uniform,EXTEND,61.6,1878.47,0,0,0,0,1,29307,3412.1540928788345,100000,286.90396,143,125695,570,1061,100000

31,run,10000,true,uniform,READ,61.6,1872,1,0,0,0,0,9455,10576.414595452141,100000,89.81132,59,33695,135,374,100000

31,reference,10000,true,uniform,READ,61.5,1867.14,1,0,0,0,0,7218,13854.253255749514,100000,67.42235,44,37631,109,262,100000

31,clean-run,10000,true,uniform,READ,61.5,1887.96,1,0,0,0,0,9451,10580.890911014707,100000,89.84374,63,50015,121,397,100000

31,avg-run,10000,true,uniform,READ,61.5,1864.87,1,0,0,0,0,9581,10437.323870159691,100000,90.87983,62,36415,141,435,100000

32,extend,10000,true,uniform,EXTEND,61.7,1874.04,0,0,0,0,1,30411,3288.283844661471,100000,298.15453,144,308223,470,923,100000

32,run,10000,true,uniform,READ,61.7,1867.63,1,0,0,0,0,9461,10569.70721911003,100000,90.0033,61,36991,147,328,100000

32,reference,10000,true,uniform,READ,61.7,1858.44,1,0,0,0,0,7064,14156.285390713478,100000,66.26294,45,32751,104,274,100000

32,clean-run,10000,true,uniform,READ,61.7,1862.04,1,0,0,0,0,9596,10421.008753647353,100000,90.90212,61,29359,139,436,100000

32,avg-run,10000,true,uniform,READ,61.7,1886.4,1,0,0,0,0,9848,10154.346060113729,100000,93.8592,63,38911,134,516,100000

33,extend,10000,true,uniform,EXTEND,61.9,1891.83,0,0,0,0,1,36847,2713.9251499443644,100000,362.61126,144,1530879,464,875,100000

33,run,10000,true,uniform,READ,61.9,1889,1,0,0,0,0,9904,10096.930533117933,100000,94.34695,62,32175,153,458,100000

33,reference,10000,true,uniform,READ,61.8,1882.88,1,0,0,0,0,7101,14082.52358822701,100000,66.43622,45,29775,104,246,100000

33,clean-run,10000,true,uniform,READ,61.8,1898.35,1,0,0,0,0,9590,10427.528675703858,100000,91.25955,62,33919,130,481,100000

33,avg-run,10000,true,uniform,READ,61.8,1906.5,1,0,0,0,0,9610,10405.827263267429,100000,91.3306,63,30991,129,425,100000

34,extend,10000,true,uniform,EXTEND,62,1917.09,0,0,0,0,1,35582,2810.4097577426787,100000,350.06752,145,884223,500,912,100000

34,run,10000,true,uniform,READ,62,1910.75,1,0,0,0,0,9646,10366.991499066971,100000,92.02324,63,29679,135,351,100000

34,reference,10000,true,uniform,READ,62,1905.23,1,0,0,0,0,7036,14212.620807276862,100000,65.82206,44,30767,106,255,100000

34,clean-run,10000,true,uniform,READ,61.9,1925.07,1,0,0,0,0,9804,10199.918400652794,100000,93.46106,61,37215,134,439,100000

34,avg-run,10000,true,uniform,READ,61.9,1895.37,1,0,0,0,0,9699,10310.341272296113,100000,92.05797,64,31167,130,389,100000

35,extend,10000,true,uniform,EXTEND,62.1,1892.71,0,0,0,0,1,31849,3139.8160067820027,100000,312.35094,152,487935,533,1021,100000

35,run,10000,true,uniform,READ,62.1,1886.06,1,0,0,0,0,10031,9969.095803010667,100000,95.55911,64,34655,150,424,100000

35,reference,10000,true,uniform,READ,62.1,1881.62,1,0,0,0,0,7032,14220.70534698521,100000,65.8026,45,42815,96,255,100000

35,clean-run,10000,true,uniform,READ,62.1,1939.66,1,0,0,0,0,9934,10066.438494060802,100000,94.47411,63,31231,143,437,100000

35,avg-run,10000,true,uniform,READ,62,1936.79,1,0,0,0,0,9862,10139.93104846887,100000,93.71976,64,42463,128,440,100000

36,extend,10000,true,uniform,EXTEND,62.2,1961.61,0,0,0,0,1,33923,2947.8524894614275,100000,333.3245,151,689663,525,990,100000

36,run,10000,true,uniform,READ,62.2,1956.41,1,0,0,0,0,9826,10177.08121310808,100000,93.52721,63,34719,139,373,100000

36,reference,10000,true,uniform,READ,62.2,1951.04,1,0,0,0,0,7093,14098.406880022558,100000,66.49784,46,37567,107,275,100000

36,clean-run,10000,true,uniform,READ,62.1,1963.19,1,0,0,0,0,9912,10088.781275221952,100000,94.15062,65,39839,138,469,100000

36,avg-run,10000,true,uniform,READ,62.2,1969.19,1,0,0,0,0,9694,10315.659170621002,100000,92.39299,62,42175,135,411,100000

37,extend,10000,true,uniform,EXTEND,62.4,1965.8,0,0,0,0,1,37257,2684.0593713932954,100000,366.71135,151,670207,502,904,100000

37,run,10000,true,uniform,READ,62.4,1959.54,1,0,0,0,0,9846,10156.408693885842,100000,93.64584,64,34207,133,368,100000

37,reference,10000,true,uniform,READ,62.3,1952.79,1,0,0,0,0,7035,14214.641080312722,100000,65.87493,45,30943,98,242,100000

37,clean-run,10000,true,uniform,READ,62.3,1971.63,1,0,0,0,0,9925,10075.566750629723,100000,94.58542,63,40447,137,497,100000

37,avg-run,10000,true,uniform,READ,62.3,1961.33,1,0,0,0,0,10039,9961.151509114454,100000,95.70086,65,40159,136,502,100000

38,extend,10000,true,uniform,EXTEND,62.5,1972.49,0,0,0,0,1,40123,2492.3360665952196,100000,395.33136,146,624127,477,840,100000

38,run,10000,true,uniform,READ,62.5,1965.96,1,0,0,0,0,10134,9867.771857114663,100000,96.5081,65,64383,147,358,100000

38,reference,10000,true,uniform,READ,62.5,1959.75,1,0,0,0,0,7302,13694.878115584772,100000,68.43006,46,27599,114,245,100000

38,clean-run,10000,true,uniform,READ,62.4,1959.63,1,0,0,0,0,10105,9896.091044037605,100000,96.35196,67,39039,134,472,100000

38,avg-run,10000,true,uniform,READ,62.5,1967.36,1,0,0,0,0,10512,9512.937595129377,100000,100.10847,68,39903,163,429,100000

39,extend,10000,true,uniform,EXTEND,62.6,1966.24,0,0,0,0,1,33509,2984.272881912322,100000,329.2621,157,450303,586,1048,100000

39,run,10000,true,uniform,READ,62.6,1960.4,1,0,0,0,0,10105,9896.091044037605,100000,96.257,65,36511,143,411,100000

39,reference,10000,true,uniform,READ,62.6,1954.2,1,0,0,0,0,6709,14905.351021016544,100000,62.58143,45,32591,90,255,100000

39,clean-run,10000,true,uniform,READ,62.5,1976.76,1,0,0,0,0,10458,9562.057754828838,100000,99.54538,66,31503,153,421,100000

39,avg-run,10000,true,uniform,READ,62.5,1966.41,1,0,0,0,0,10162,9840.5825624877,100000,96.57455,65,36159,141,437,100000

40,extend,10000,true,uniform,EXTEND,62.8,1992.76,0,0,0,0,1,38090,2625.360987135731,100000,374.69851,155,1205247,530,957,100000

40,run,10000,true,uniform,READ,64.4,1999.62,1,0,0,0,0,10588,9444.654325651682,100000,101.19004,66,37535,158,446,100000

40,reference,10000,true,uniform,READ,64,1993.54,1,0,0,0,0,6972,14343.08663224326,100000,65.14153,46,32591,95,275,100000

40,clean-run,10000,true,uniform,READ,62.6,1992.5,1,0,0,0,0,10116,9885.330170027679,100000,96.3438,67,31839,134,461,100000

40,avg-run,10000,true,uniform,READ,62.6,2027.18,1,0,0,0,0,10677,9365.92675845275,100000,102.00481,64,31791,164,521,100000

41,extend,10000,true,uniform,EXTEND,62.8,2038.23,0,0,0,0,1,40042,2497.377753358973,100000,394.39919,150,664063,495,910,100000

41,run,10000,true,uniform,READ,62.8,2031.75,1,0,0,0,0,10324,9686.168151879117,100000,98.52428,67,35807,143,379,100000

41,reference,10000,true,uniform,READ,62.8,2025.47,1,0,0,0,0,6886,14522.218995062445,100000,64.28376,46,33535,90,249,100000

41,clean-run,10000,true,uniform,READ,62.7,2023.68,1,0,0,0,0,10296,9712.509712509713,100000,98.30895,67,28847,137,485,100000

41,avg-run,10000,true,uniform,READ,62.8,2022.87,1,0,0,0,0,10534,9493.070058857034,100000,100.41303,67,37311,164,433,100000

42,extend,10000,true,uniform,EXTEND,62.9,2021.18,0,0,0,0,1,33646,2972.1215003269335,100000,330.04299,158,198527,740,1124,100000

42,run,10000,true,uniform,READ,62.9,2014.89,1,0,0,0,0,10655,9385.265133740028,100000,101.60652,68,24063,160,406,100000

42,reference,10000,true,uniform,READ,62.9,2008.63,1,0,0,0,0,6899,14494.854326714016,100000,64.65221,46,37983,92,263,100000

42,clean-run,10000,true,uniform,READ,62.9,2031.27,1,0,0,0,0,10692,9352.787130564908,100000,102.10479,68,42015,158,503,100000

42,avg-run,10000,true,uniform,READ,62.8,2032.48,1,0,0,0,0,10366,9646.922631680494,100000,98.71998,68,38367,148,442,100000

43,extend,10000,true,uniform,EXTEND,63.1,2040.66,0,0,0,0,1,40246,2484.718978283556,100000,396.64217,158,868863,575,1024,100000

43,run,10000,true,uniform,READ,63,2034.54,1,0,0,0,0,10705,9341.429238673518,100000,102.27246,68,42911,155,432,100000

43,reference,10000,true,uniform,READ,63.1,2028.2,1,0,0,0,0,6825,14652.014652014652,100000,63.75077,44,28527,95,230,100000

43,clean-run,10000,true,uniform,READ,63,2050.43,1,0,0,0,0,10559,9470.59380623165,100000,100.65509,68,39775,143,498,100000

43,avg-run,10000,true,uniform,READ,63,2379.59,1,0,0,0,0,10497,9526.53138992093,100000,100.27487,67,39519,155,502,100000

44,extend,10000,true,uniform,EXTEND,63.2,2388.95,0,0,0,0,1,46349,2157.5438520787934,100000,457.50998,159,856063,534,986,100000

44,run,10000,true,uniform,READ,63.1,2382.52,1,0,0,0,0,10445,9573.958831977023,100000,99.65598,66,29599,145,421,100000

44,reference,10000,true,uniform,READ,63.2,2376.23,1,0,0,0,0,7032,14220.70534698521,100000,65.78972,46,41791,94,270,100000

44,clean-run,10000,true,uniform,READ,63.1,2191.86,1,0,0,0,0,11160,8960.57347670251,100000,106.63992,69,37503,183,535,100000

44,avg-run,10000,true,uniform,READ,63.1,2195.44,1,0,0,0,0,10906,9169.264624977077,100000,104.47319,70,35039,173,440,100000

45,extend,10000,true,uniform,EXTEND,63.3,2355.58,0,0,0,0,1,36499,2739.801090440834,100000,358.37873,160,81023,818,1171,100000

45,run,10000,true,uniform,READ,63.2,2349.45,1,0,0,0,0,10584,9448.223733938019,100000,101.03713,69,36063,146,395,100000

45,reference,10000,true,uniform,READ,63.2,2343.49,1,0,0,0,0,7071,14142.27124876255,100000,66.15696,45,27183,96,284,100000

45,clean-run,10000,true,uniform,READ,63.1,2359.95,1,0,0,0,0,10907,9168.423947923351,100000,104.16891,69,33183,158,545,100000

45,avg-run,10000,true,uniform,READ,63.1,2415.28,1,0,0,0,0,10909,9166.743056192136,100000,103.90902,70,31231,145,531,100000

46,extend,10000,true,uniform,EXTEND,63.4,2424.27,0,0,0,0,1,50602,1976.206474052409,100000,499.79539,163,1451007,539,949,100000

46,run,10000,true,uniform,READ,63.3,2417.68,1,0,0,0,0,10703,9343.17481080071,100000,101.95592,69,34431,146,429,100000

46,reference,10000,true,uniform,READ,63.4,2411.56,1,0,0,0,0,6922,14446.69170759896,100000,64.54623,47,30655,90,261,100000

46,clean-run,10000,true,uniform,READ,63.3,2450.72,1,0,0,0,0,10883,9188.642837452908,100000,104.05022,71,32927,153,483,100000

46,avg-run,10000,true,uniform,READ,63.3,2505.15,1,0,0,0,0,11011,9081.827263645446,100000,104.99795,71,43775,166,489,100000

47,extend,10000,true,uniform,EXTEND,63.4,2521.84,0,0,0,0,1,47593,2101.1493286827895,100000,469.9282,166,1012735,545,902,100000

47,run,10000,true,uniform,READ,63.5,2515.23,1,0,0,0,0,11120,8992.805755395684,100000,106.17908,71,38719,178,422,100000

47,reference,10000,true,uniform,READ,63.4,2508.81,1,0,0,0,0,6978,14330.753797649757,100000,65.1601,45,39519,99,236,100000

47,clean-run,10000,true,uniform,READ,63.4,2528.32,1,0,0,0,0,11259,8881.783462119194,100000,107.78665,71,37631,164,547,100000

47,avg-run,10000,true,uniform,READ,63.3,2604.57,1,0,0,0,0,10816,9245.562130177515,100000,103.43115,70,29039,163,488,100000

48,extend,10000,true,uniform,EXTEND,63.6,2625.6,0,0,0,0,1,49194,2032.768223767126,100000,485.89892,166,1396735,549,945,100000

48,run,10000,true,uniform,READ,63.6,2619.91,1,0,0,0,0,10946,9135.75735428467,100000,104.66819,69,31407,148,453,100000

48,reference,10000,true,uniform,READ,63.6,2613.09,1,0,0,0,0,7043,14198.49495953429,100000,66.01937,45,30911,107,274,100000

48,clean-run,10000,true,uniform,READ,63.5,2626.04,1,0,0,0,0,11436,8744.316194473593,100000,109.36669,73,36479,160,551,100000

48,avg-run,10000,true,uniform,READ,63.5,2623.77,1,0,0,0,0,10951,9131.586156515386,100000,104.96083,71,34623,151,485,100000

49,extend,10000,true,uniform,EXTEND,63.6,2639.93,0,0,0,0,1,48743,2051.5766366452617,100000,481.43994,168,1205247,574,968,100000

49,run,10000,true,uniform,READ,63.7,2633.92,1,0,0,0,0,11043,9055.510278004165,100000,105.58161,71,32639,154,462,100000

49,reference,10000,true,uniform,READ,63.6,2627.7,1,0,0,0,0,6755,14803.849000740192,100000,62.91653,45,30351,89,245,100000

49,clean-run,10000,true,uniform,READ,63.6,2628.5,1,0,0,0,0,11024,9071.117561683599,100000,105.48408,72,36767,154,503,100000

49,avg-run,10000,true,uniform,READ,63.6,2638.5,1,0,0,0,0,10923,9154.994049253868,100000,104.42768,73,35647,153,468,100000

50,extend,10000,true,uniform,EXTEND,63.8,2644.84,0,0,0,0,1,49421,2023.4313348576516,100000,487.99476,171,1227775,579,945,100000

50,run,10000,true,uniform,READ,63.8,2638.56,1,0,0,0,0,11280,8865.248226950354,100000,107.97154,74,36127,156,463,100000

50,reference,10000,true,uniform,READ,63.8,2632.36,1,0,0,0,0,7066,14152.278516841212,100000,66.08477,45,32287,103,249,100000

50,clean-run,10000,true,uniform,READ,63.7,2653.18,1,0,0,0,0,11031,9065.361254645997,100000,105.42691,72,39519,149,510,100000

50,avg-run,10000,true,uniform,READ,63.7,2611.13,1,0,0,0,0,11244,8893.632159373888,100000,107.35458,73,28063,163,435,100000

51,extend,10000,true,uniform,EXTEND,63.9,2625.86,0,0,0,0,1,47912,2087.1597929537484,100000,473.05293,173,1072127,640,1076,100000

51,run,10000,true,uniform,READ,63.9,2618.83,1,0,0,0,0,11256,8884.150675195451,100000,107.82479,72,31567,152,428,100000

51,reference,10000,true,uniform,READ,63.9,2612.64,1,0,0,0,0,6947,14394.702749388225,100000,64.98764,45,35647,96,265,100000

51,clean-run,10000,true,uniform,READ,63.9,2398.35,1,0,0,0,0,11189,8937.34918223255,100000,106.96798,72,37055,154,530,100000

51,avg-run,10000,true,uniform,READ,63.8,2421.42,1,0,0,0,0,11177,8946.944618412812,100000,107.04265,73,48511,150,508,100000

52,extend,10000,true,uniform,EXTEND,64.1,2625.65,0,0,0,0,1,50954,1962.5544608862897,100000,503.49191,168,872447,552,914,100000

52,run,10000,true,uniform,READ,64,2620.31,1,0,0,0,0,11561,8649.770781074301,100000,110.76242,71,29695,172,466,100000

52,reference,10000,true,uniform,READ,64.1,2614.18,1,0,0,0,0,7030,14224.75106685633,100000,65.45261,46,33855,97,235,100000

52,clean-run,10000,true,uniform,READ,64,2641.41,1,0,0,0,0,11449,8734.387282732116,100000,109.52619,75,41855,155,518,100000

52,avg-run,10000,true,uniform,READ,64,2648.25,1,0,0,0,0,11449,8734.387282732116,100000,109.60452,75,33503,167,542,100000

53,extend,10000,true,uniform,EXTEND,64.2,2661.87,0,0,0,0,1,54394,1838.4380630216567,100000,537.59209,166,1168383,597,987,100000

53,run,10000,true,uniform,READ,64.1,2655.5,1,0,0,0,0,11042,9056.330374932077,100000,105.36841,74,33215,153,458,100000

53,reference,10000,true,uniform,READ,64.2,2649.63,1,0,0,0,0,7010,14265.335235378032,100000,65.48434,46,40639,104,245,100000

53,clean-run,10000,true,uniform,READ,64.1,2646.84,1,0,0,0,0,11465,8722.19799389446,100000,109.79601,74,42239,154,534,100000

53,avg-run,10000,true,uniform,READ,64.1,2641.98,1,0,0,0,0,11439,8742.02290410001,100000,109.65568,77,44479,160,495,100000

54,extend,10000,true,uniform,EXTEND,64.3,2676.54,0,0,0,0,1,47336,2112.557039040054,100000,466.97792,174,738815,655,1058,100000

54,run,10000,true,uniform,READ,64.3,2670.29,1,0,0,0,0,11571,8642.295393656555,100000,110.95503,76,73279,161,412,100000

54,reference,10000,true,uniform,READ,64.3,2663.99,1,0,0,0,0,6969,14349.261013057827,100000,65.01816,44,37311,102,254,100000

54,clean-run,10000,true,uniform,READ,64.2,2674.33,1,0,0,0,0,12095,8267.879288962382,100000,115.91685,77,33567,175,567,100000

54,avg-run,10000,true,uniform,READ,64.3,2684.38,1,0,0,0,0,11798,8476.012883539583,100000,113.03744,77,42015,175,539,100000

55,extend,10000,true,uniform,EXTEND,64.5,2698.07,0,0,0,0,1,61313,1630.9754864384388,100000,607.16955,174,2201599,562,948,100000

55,run,10000,true,uniform,READ,64.4,2691.13,1,0,0,0,0,11690,8554.31993156544,100000,112.09798,76,30767,173,471,100000

55,reference,10000,true,uniform,READ,64.5,2685.47,1,0,0,0,0,7017,14251.104460595696,100000,65.72842,45,35103,92,257,100000

55,clean-run,10000,true,uniform,READ,64.4,2689.38,1,0,0,0,0,11944,8372.404554588078,100000,114.3456,76,34207,168,549,100000

55,avg-run,10000,true,uniform,READ,64.4,2690.62,1,0,0,0,0,11814,8464.533604198408,100000,113.00811,73,32575,190,529,100000

56,extend,10000,true,uniform,EXTEND,64.6,2704.17,0,0,0,0,1,53915,1854.771399425021,100000,532.88773,178,1158143,607,1000,100000

56,run,10000,true,uniform,READ,64.6,2697.86,1,0,0,0,0,11447,8735.913339739669,100000,109.32065,76,28607,160,405,100000

56,reference,10000,true,uniform,READ,64.6,2691.48,1,0,0,0,0,7107,14070.634585619811,100000,66.63351,46,32927,110,254,100000

56,clean-run,10000,true,uniform,READ,64.6,2711.76,1,0,0,0,0,12008,8327.781479013991,100000,114.89473,79,36575,161,545,100000

56,avg-run,10000,true,uniform,READ,64.5,2712.34,1,0,0,0,0,11931,8381.527114240214,100000,114.4482,78,36991,175,554,100000

57,extend,10000,true,uniform,EXTEND,64.7,2740.27,0,0,0,0,1,62445,1601.4092401313155,100000,618.54735,177,1313791,584,956,100000

57,run,10000,true,uniform,READ,64.7,2733.33,1,0,0,0,0,11820,8460.236886632825,100000,113.37633,77,39295,169,515,100000

57,reference,10000,true,uniform,READ,64.7,2726.66,1,0,0,0,0,7029,14226.774790155072,100000,65.79883,46,30847,97,273,100000

57,clean-run,10000,true,uniform,READ,64.7,2742.14,1,0,0,0,0,11896,8406.186953597848,100000,113.90206,75,39999,160,547,100000

57,avg-run,10000,true,uniform,READ,64.6,2717.64,1,0,0,0,0,11626,8601.41063134354,100000,111.3927,78,35231,158,521,100000

58,extend,10000,true,uniform,EXTEND,64.9,2727.23,0,0,0,0,1,60332,1657.4951932639394,100000,597.0329,177,1111039,621,1028,100000

58,run,10000,true,uniform,READ,64.9,2720.84,1,0,0,0,0,12208,8191.349934469201,100000,117.11979,76,33311,184,529,100000

58,reference,10000,true,uniform,READ,64.9,2714.39,1,0,0,0,0,7077,14130.281192595732,100000,66.10667,45,35935,94,279,100000

58,clean-run,10000,true,uniform,READ,64.8,2712.25,1,0,0,0,0,12681,7885.813421654444,100000,121.84531,81,34367,200,591,100000

58,avg-run,10000,true,uniform,READ,64.8,2739.72,1,0,0,0,0,11910,8396.305625524768,100000,113.94957,80,31663,163,530,100000

59,extend,10000,true,uniform,EXTEND,65.1,2753.45,0,0,0,0,1,66093,1513.019533082172,100000,655.03483,174,1579007,604,1021,100000

59,run,10000,true,uniform,READ,65,2746.78,1,0,0,0,0,12480,8012.820512820513,100000,119.78511,75,37183,196,561,100000

59,reference,10000,true,uniform,READ,65,2737.49,1,0,0,0,0,6959,14369.880729989942,100000,64.92105,46,33919,92,257,100000

59,clean-run,10000,true,uniform,READ,64.9,2761.36,1,0,0,0,0,12687,7882.0840230156855,100000,121.97255,79,32191,214,584,100000

59,avg-run,10000,true,uniform,READ,65,2761.17,1,0,0,0,0,12102,8263.097008758883,100000,116.12256,81,26479,160,555,100000

60,extend,10000,true,uniform,EXTEND,65.2,2777.31,0,0,0,0,1,61598,1623.4293321211728,100000,609.66239,180,897023,627,1042,100000

60,run,10000,true,uniform,READ,65.2,2770.38,1,0,0,0,0,12394,8068.420203324189,100000,118.85231,79,35007,213,496,100000

60,reference,10000,true,uniform,READ,65.1,2764.36,1,0,0,0,0,6907,14478.065730418417,100000,64.5248,47,33567,92,254,100000

60,clean-run,10000,true,uniform,READ,65.1,2759.52,1,0,0,0,0,12551,7967.492630069317,100000,120.42619,80,29967,174,565,100000

60,avg-run,10000,true,uniform,READ,65.1,2770.13,1,0,0,0,0,12997,7694.083249980765,100000,124.98091,80,39135,256,575,100000

61,extend,10000,true,uniform,EXTEND,65.3,2795.76,0,0,0,0,1,60843,1643.5744457045182,100000,602.29113,179,1229823,642,1065,100000

61,run,10000,true,uniform,READ,65.2,2788.03,1,0,0,0,0,12460,8025.6821829855535,100000,119.49727,80,39391,187,537,100000

61,reference,10000,true,uniform,READ,65.2,2781.89,1,0,0,0,0,7010,14265.335235378032,100000,65.3488,47,38815,91,270,100000

61,clean-run,10000,true,uniform,READ,65.2,2791.74,1,0,0,0,0,12616,7926.4426125554855,100000,121.15872,80,30303,180,544,100000

61,avg-run,10000,true,uniform,READ,65.2,2800.4,1,0,0,0,0,12273,8147.967082212987,100000,117.74478,81,31183,162,519,100000

62,extend,10000,true,uniform,EXTEND,65.3,2819.67,0,0,0,0,1,58673,1704.3614609786443,100000,580.47937,181,1556479,649,1034,100000

62,run,10000,true,uniform,READ,65.3,2811.96,1,0,0,0,0,12909,7746.533426291734,100000,124.14383,76,30943,214,542,100000

62,reference,10000,true,uniform,READ,65.4,2806.73,1,0,0,0,0,6904,14484.356894553881,100000,64.56808,46,34335,92,238,100000

62,clean-run,10000,true,uniform,READ,65.3,2807.49,1,0,0,0,0,12518,7988.4965649464775,100000,120.10301,81,25919,176,537,100000

62,avg-run,10000,true,uniform,READ,65.3,2808.76,1,0,0,0,0,12325,8113.5902636916835,100000,118.28948,84,31967,168,494,100000

63,extend,10000,true,uniform,EXTEND,65.4,2804.55,0,0,0,0,1,56824,1759.819794453048,100000,562.22624,183,667647,642,985,100000

63,run,10000,true,uniform,READ,65.5,2795.05,1,0,0,0,0,13076,7647.598654022637,100000,125.7051,82,39071,201,553,100000

63,reference,10000,true,uniform,READ,65.4,2788.76,1,0,0,0,0,6893,14507.471347744087,100000,64.33326,46,38687,89,260,100000

63,clean-run,10000,true,uniform,READ,65.3,2804.49,1,0,0,0,0,12716,7864.108210128971,100000,122.07224,79,31551,189,539,100000

63,avg-run,10000,true,uniform,READ,65.4,2818.59,1,0,0,0,0,12623,7922.047056959518,100000,121.17231,82,30335,182,536,100000

64,extend,10000,true,uniform,EXTEND,65.6,2823.49,0,0,0,0,1,60269,1659.2277953840282,100000,596.33431,185,1383423,676,1088,100000

64,run,10000,true,uniform,READ,65.5,2811.54,1,0,0,0,0,12808,7807.620237351655,100000,122.94586,81,32863,185,544,100000

64,reference,10000,true,uniform,READ,65.5,2805.23,1,0,0,0,0,7084,14116.318464144551,100000,66.24,45,31455,103,275,100000

64,clean-run,10000,true,uniform,READ,65.5,2800,1,0,0,0,0,13300,7518.796992481203,100000,127.89696,80,32191,230,568,100000

64,avg-run,10000,true,uniform,READ,65.4,2790.7,1,0,0,0,0,12442,8037.293039704227,100000,119.12187,82,34879,170,529,100000

65,extend,10000,true,uniform,EXTEND,65.7,2817.93,0,0,0,0,1,66924,1494.2322634630327,100000,662.85399,184,1206271,640,1027,100000

65,run,10000,true,uniform,READ,65.7,2803.45,1,0,0,0,0,12897,7753.7411801194075,100000,123.95256,82,28399,191,486,100000

65,reference,10000,true,uniform,READ,65.6,2797.39,1,0,0,0,0,6942,14405.070584845866,100000,64.64474,46,35039,96,256,100000

65,clean-run,10000,true,uniform,READ,65.7,2801.32,1,0,0,0,0,13232,7557.436517533252,100000,127.35736,84,35679,192,587,100000

65,avg-run,10000,true,uniform,READ,65.6,2781,1,0,0,0,0,12841,7787.55548633284,100000,123.22417,89,37983,185,430,100000

66,extend,10000,true,uniform,EXTEND,65.7,2808.64,0,0,0,0,1,56755,1761.959298740199,100000,561.19752,188,1056767,687,1058,100000

66,run,10000,true,uniform,READ,65.8,2792.79,1,0,0,0,0,13083,7643.506840938622,100000,125.86,85,30159,197,484,100000

66,reference,10000,true,uniform,READ,65.7,2786.43,1,0,0,0,0,7260,13774.104683195592,100000,68.08131,46,38975,120,248,100000

66,clean-run,10000,true,uniform,READ,65.7,2796.36,1,0,0,0,0,13257,7543.184732594102,100000,127.64412,86,35199,186,565,100000

66,avg-run,10000,true,uniform,READ,65.7,2651.14,1,0,0,0,0,13127,7617.886798202178,100000,125.77432,90,31183,198,484,100000

67,extend,10000,true,uniform,EXTEND,66,2682.05,0,0,0,0,1,70665,1415.1277152763037,100000,700.42456,189,1528831,633,1068,100000

67,run,10000,true,uniform,READ,65.9,2665.69,1,0,0,0,0,13432,7444.907683144729,100000,129.11072,87,28047,207,526,100000

67,reference,10000,true,uniform,READ,65.9,2659.57,1,0,0,0,0,6957,14374.011786689665,100000,64.98847,46,33151,90,243,100000

67,clean-run,10000,true,uniform,READ,65.9,2663.16,1,0,0,0,0,13333,7500.187504687618,100000,128.14102,86,44479,198,554,100000

67,avg-run,10000,true,uniform,READ,65.8,2737.78,1,0,0,0,0,13481,7417.847340701728,100000,129.68318,88,28271,207,583,100000

68,extend,10000,true,uniform,EXTEND,66.1,2762.3,0,0,0,0,1,73069,1368.5694343702528,100000,724.60882,193,1163263,671,1072,100000

68,run,10000,true,uniform,READ,66.1,2744.29,1,0,0,0,0,13459,7429.972509101716,100000,129.29639,88,27087,202,522,100000

68,reference,10000,true,uniform,READ,66,2737.57,1,0,0,0,0,6843,14613.47362268011,100000,63.85603,46,36575,90,242,100000

68,clean-run,10000,true,uniform,READ,65.9,2727.28,1,0,0,0,0,13419,7452.120128176466,100000,128.98143,88,38271,192,568,100000

68,avg-run,10000,true,uniform,READ,66,2827.69,1,0,0,0,0,13569,7369.739848183359,100000,130.68504,90,34975,216,529,100000

69,extend,10000,true,uniform,EXTEND,66.3,2850.14,0,0,0,0,1,73728,1356.3368055555557,100000,730.84653,198,1422335,640,1031,100000

69,run,10000,true,uniform,READ,66.2,2832.63,1,0,0,0,0,14135,7074.637424831977,100000,136.15196,88,34655,259,564,100000

69,reference,10000,true,uniform,READ,66.2,2826.28,1,0,0,0,0,7098,14088.475626937165,100000,66.30416,45,31871,104,248,100000

69,clean-run,10000,true,uniform,READ,66.1,2828.3,1,0,0,0,0,13511,7401.376656058027,100000,129.89373,86,40927,195,555,100000

69,avg-run,10000,true,uniform,READ,66.1,2892.27,1,0,0,0,0,13203,7574.036203893054,100000,126.76757,88,42047,187,474,100000

70,extend,10000,true,uniform,EXTEND,66.2,2911.89,0,0,0,0,1,63654,1570.9931818895907,100000,630.12432,201,769023,705,1076,100000

70,run,10000,true,uniform,READ,66.3,2894.79,1,0,0,0,0,13395,7465.472191116088,100000,128.92524,91,30351,193,489,100000

70,reference,10000,true,uniform,READ,66.3,2890.09,1,0,0,0,0,6893,14507.471347744087,100000,64.40012,46,31775,90,247,100000

70,clean-run,10000,true,uniform,READ,66.2,2923.73,1,0,0,0,0,13745,7275.372862859222,100000,132.02546,88,33663,227,534,100000

70,avg-run,10000,true,uniform,READ,66.2,2935.75,1,0,0,0,0,13256,7543.753771876886,100000,127.14974,90,29839,189,453,100000

71,extend,10000,true,uniform,EXTEND,66.4,2973.57,0,0,0,0,1,68044,1469.6372935159602,100000,674.26868,203,1630207,676,1040,100000

71,run,10000,true,uniform,READ,66.4,2955,1,0,0,0,0,13450,7434.944237918216,100000,129.39261,92,33407,187,477,100000

71,reference,10000,true,uniform,READ,66.4,2948.63,1,0,0,0,0,6973,14341.02968593145,100000,65.06377,46,31487,94,257,100000

71,clean-run,10000,true,uniform,READ,66.4,2674.19,1,0,0,0,0,13946,7170.514842965725,100000,134.48478,87,36991,218,602,100000

71,avg-run,10000,true,uniform,READ,66.3,2699.59,1,0,0,0,0,13281,7529.553497477599,100000,127.58523,90,30511,184,492,100000

72,extend,10000,true,uniform,EXTEND,66.5,2944.2,0,0,0,0,1,69903,1430.5537673633464,100000,692.56165,208,1492991,693,1055,100000

72,run,10000,true,uniform,READ,66.5,2925.22,1,0,0,0,0,13764,7265.329845975008,100000,132.65143,88,32895,226,550,100000

72,reference,10000,true,uniform,READ,66.4,2919.75,1,0,0,0,0,6909,14473.874656245476,100000,64.49798,46,31039,89,251,100000

72,clean-run,10000,true,uniform,READ,66.4,2908.68,1,0,0,0,0,13820,7235.89001447178,100000,132.59077,91,46719,190,536,100000

72,avg-run,10000,true,uniform,READ,66.5,2933.82,1,0,0,0,0,13546,7382.253063635021,100000,130.0625,90,34271,188,487,100000

73,extend,10000,true,uniform,EXTEND,66.7,2989.15,0,0,0,0,1,70161,1425.2932540870283,100000,695.07535,206,1377279,715,1091,100000

73,run,10000,true,uniform,READ,66.6,2972.58,1,0,0,0,0,13528,7392.075694855115,100000,130.18998,92,30415,197,514,100000

73,reference,10000,true,uniform,READ,66.6,2969.13,1,0,0,0,0,6885,14524.328249818445,100000,64.03201,46,38047,89,276,100000

73,clean-run,10000,true,uniform,READ,66.5,2953.3,1,0,0,0,0,13915,7186.489399928135,100000,133.67271,89,42943,191,579,100000

73,avg-run,10000,true,uniform,READ,66.5,3017.57,1,0,0,0,0,13544,7383.343177790904,100000,130.44334,89,41055,195,491,100000

74,extend,10000,true,uniform,EXTEND,66.8,3020.89,0,0,0,0,1,67539,1480.6260086764685,100000,669.09862,204,1167359,720,1089,100000

74,run,10000,true,uniform,READ,66.7,3002.44,1,0,0,0,0,13719,7289.161017566878,100000,132.00297,91,40447,197,508,100000

74,reference,10000,true,uniform,READ,66.7,2997.08,1,0,0,0,0,6956,14376.07820586544,100000,64.93523,44,35967,92,265,100000

74,clean-run,10000,true,uniform,READ,66.7,2981.05,1,0,0,0,0,13971,7157.683773530885,100000,134.693,92,35359,208,599,100000

74,avg-run,10000,true,uniform,READ,66.6,3008.34,1,0,0,0,0,13645,7328.691828508611,100000,131.01157,93,39167,194,489,100000

75,extend,10000,true,uniform,EXTEND,66.8,3046.66,0,0,0,0,1,77711,1286.819111837449,100000,770.6824,206,998911,665,986,100000

75,run,10000,true,uniform,READ,66.9,3028.2,1,0,0,0,0,13674,7313.1490419774755,100000,131.5858,92,30511,193,494,100000

75,reference,10000,true,uniform,READ,66.9,3022.23,1,0,0,0,0,7260,13774.104683195592,100000,67.99001,45,29023,119,250,100000

75,clean-run,10000,true,uniform,READ,66.7,3000.27,1,0,0,0,0,13914,7187.005893344833,100000,134.03272,92,30479,196,577,100000

75,avg-run,10000,true,uniform,READ,66.8,3045.57,1,0,0,0,0,13433,7444.353457902182,100000,128.99218,89,34975,185,420,100000

76,extend,10000,true,uniform,EXTEND,67,3064.34,0,0,0,0,1,70332,1421.827901950748,100000,696.87547,210,972799,767,1156,100000

76,run,10000,true,uniform,READ,67,3048.41,1,0,0,0,0,14020,7132.667617689016,100000,135.08289,94,38207,211,545,100000

76,reference,10000,true,uniform,READ,66.9,3042.36,1,0,0,0,0,6836,14628.43768285547,100000,63.37346,46,37055,90,248,100000

76,clean-run,10000,true,uniform,READ,66.9,3072.14,1,0,0,0,0,13952,7167.431192660551,100000,134.59426,91,32351,204,572,100000

76,avg-run,10000,true,uniform,READ,66.9,3069.59,1,0,0,0,0,13530,7390.983000739098,100000,130.03636,89,32511,188,435,100000

77,extend,10000,true,uniform,EXTEND,67.1,3091.53,0,0,0,0,1,73300,1364.256480218281,100000,726.68151,214,1123327,737,1144,100000

77,run,10000,true,uniform,READ,67,3073.53,1,0,0,0,0,14308,6989.09700866648,100000,137.87065,92,43487,225,563,100000

77,reference,10000,true,uniform,READ,67,3066.73,1,0,0,0,0,7268,13758.94331315355,100000,67.92774,46,40351,109,256,100000

77,clean-run,10000,true,uniform,READ,67,3065.42,1,0,0,0,0,14282,7001.820473323064,100000,137.69794,93,31071,212,612,100000

77,avg-run,10000,true,uniform,READ,67,3136.41,1,0,0,0,0,13937,7175.145296692258,100000,133.79603,92,35199,220,457,100000

78,extend,10000,true,uniform,EXTEND,67.2,3176.67,0,0,0,0,1,75296,1328.0917977050574,100000,746.54192,207,1271807,762,1163,100000

78,run,10000,true,uniform,READ,67.2,3158.37,1,0,0,0,0,14654,6824.075337791729,100000,141.16439,94,30703,262,600,100000

78,reference,10000,true,uniform,READ,67.2,3152.64,1,0,0,0,0,7182,13923.69813422445,100000,67.27333,44,36191,103,263,100000

78,clean-run,10000,true,uniform,READ,67.2,3159.94,1,0,0,0,0,14351,6968.155529231412,100000,138.4143,92,32271,225,595,100000

78,avg-run,10000,true,uniform,READ,67.1,3103.34,1,0,0,0,0,14594,6852.131012744963,100000,140.51288,95,30575,243,560,100000

79,extend,10000,true,uniform,EXTEND,67.3,3124.52,0,0,0,0,1,87748,1139.6271140082965,100000,871.33876,216,1316863,663,1049,100000

79,run,10000,true,uniform,READ,67.3,3105.48,1,0,0,0,0,14034,7125.552230297848,100000,135.05503,94,31791,195,529,100000

79,reference,10000,true,uniform,READ,67.4,3100.12,1,0,0,0,0,7128,14029.180695847363,100000,66.71797,45,29519,107,262,100000

79,clean-run,10000,true,uniform,READ,67.3,3081.03,1,0,0,0,0,14477,6907.508461697866,100000,139.54991,94,32447,239,620,100000

79,avg-run,10000,true,uniform,READ,67.3,3182.8,1,0,0,0,0,14204,7040.270346381301,100000,136.83438,94,23375,228,523,100000

80,extend,10000,true,uniform,EXTEND,67.5,3238.47,0,0,0,0,1,81828,1222.0755731534439,100000,812.03262,213,1271807,694,1076,100000

80,run,10000,true,uniform,READ,67.5,3219.77,1,0,0,0,0,14902,6710.508656556167,100000,143.88669,94,37407,306,602,100000

80,reference,10000,true,uniform,READ,67.4,3213.46,1,0,0,0,0,7040,14204.545454545454,100000,65.75166,46,34015,94,320,100000

80,clean-run,10000,true,uniform,READ,67.4,2931.51,1,0,0,0,0,14295,6995.452955578874,100000,137.95102,93,38079,222,594,100000

80,avg-run,10000,true,uniform,READ,67.3,2949.77,1,0,0,0,0,14202,7041.261794113505,100000,136.88154,94,34591,209,541,100000

81,extend,10000,true,uniform,EXTEND,67.6,3219.05,0,0,0,0,1,77134,1296.4451474058133,100000,765.18078,220,1178623,711,1085,100000

81,run,10000,true,uniform,READ,67.5,3200.82,1,0,0,0,0,14661,6820.81713389264,100000,140.94143,94,39007,239,604,100000

81,reference,10000,true,uniform,READ,67.5,3194.52,1,0,0,0,0,6963,14361.625736033318,100000,64.97116,45,25567,93,267,100000

81,clean-run,10000,true,uniform,READ,67.5,3194.12,1,0,0,0,0,14974,6678.242286630159,100000,144.74634,94,33919,286,622,100000

81,avg-run,10000,true,uniform,READ,67.5,3246.06,1,0,0,0,0,14338,6974.473427256242,100000,138.24987,93,31567,226,475,100000

82,extend,10000,true,uniform,EXTEND,67.7,3276.77,0,0,0,0,1,73386,1362.6577276319733,100000,727.26471,220,949247,784,1163,100000

82,run,10000,true,uniform,READ,67.6,3257.69,1,0,0,0,0,14834,6741.2700552784145,100000,143.19107,95,40287,271,587,100000

82,reference,10000,true,uniform,READ,67.6,3251.46,1,0,0,0,0,7276,13743.815283122594,100000,68.15657,46,35167,110,271,100000

82,clean-run,10000,true,uniform,READ,67.6,3237.61,1,0,0,0,0,14805,6754.474839581222,100000,142.71006,95,36383,236,631,100000

82,avg-run,10000,true,uniform,READ,67.6,3260.53,1,0,0,0,0,14448,6921.373200442968,100000,138.61469,93,29087,212,510,100000

83,extend,10000,true,uniform,EXTEND,67.8,3303.33,0,0,0,0,1,72350,1382.1700069108501,100000,716.82858,217,961535,772,1172,100000

83,run,10000,true,uniform,READ,67.7,3284.37,1,0,0,0,0,14261,7012.1309866068295,100000,137.50684,97,31183,199,494,100000

83,reference,10000,true,uniform,READ,67.7,3278.43,1,0,0,0,0,7046,14192.44961680386,100000,65.93124,46,36831,98,259,100000

83,clean-run,10000,true,uniform,READ,67.7,3281.64,1,0,0,0,0,14812,6751.282743721307,100000,142.91359,94,30879,251,625,100000

83,avg-run,10000,true,uniform,READ,67.7,3257.12,1,0,0,0,0,14497,6897.97889218459,100000,139.96596,94,31055,224,571,100000

84,extend,10000,true,uniform,EXTEND,68,3289.07,0,0,0,0,1,86147,1160.8065283759156,100000,855.15521,220,1187839,695,1064,100000

84,run,10000,true,uniform,READ,67.9,3270.88,1,0,0,0,0,14610,6844.626967830253,100000,140.82812,96,32207,236,555,100000

84,reference,10000,true,uniform,READ,67.9,3264.88,1,0,0,0,0,6969,14349.261013057827,100000,65.03464,45,38367,96,281,100000

84,clean-run,10000,true,uniform,READ,67.8,3266.29,1,0,0,0,0,15756,6346.788525006346,100000,152.04473,94,41439,372,646,100000

84,avg-run,10000,true,uniform,READ,67.8,3313.87,1,0,0,0,0,14357,6965.243435258062,100000,138.46936,94,37759,202,523,100000

85,extend,10000,true,uniform,EXTEND,68,3333.23,0,0,0,0,1,80773,1238.0374630136307,100000,800.98182,220,1699839,757,1125,100000

85,run,10000,true,uniform,READ,68,3315.92,1,0,0,0,0,15649,6390.184676337146,100000,150.89152,94,59263,268,586,100000

85,reference,10000,true,uniform,READ,68,3310.15,1,0,0,0,0,6870,14556.040756914119,100000,63.90535,45,36127,88,263,100000

85,clean-run,10000,true,uniform,READ,68,3296.95,1,0,0,0,0,14842,6737.636437137852,100000,143.29905,96,27199,234,620,100000

85,avg-run,10000,true,uniform,READ,67.9,3362.76,1,0,0,0,0,14720,6793.478260869565,100000,141.68169,95,45983,238,541,100000

86,extend,10000,true,uniform,EXTEND,68.1,3405.45,0,0,0,0,1,87380,1144.4266422522317,100000,867.2507,226,1288191,698,1009,100000

86,run,10000,true,uniform,READ,68.2,3387.56,1,0,0,0,0,15084,6629.541235746487,100000,145.74666,96,64831,239,550,100000

86,reference,10000,true,uniform,READ,68.2,3381.7,1,0,0,0,0,6883,14528.54859799506,100000,64.20801,46,42719,90,264,100000

86,clean-run,10000,true,uniform,READ,68,3396.7,1,0,0,0,0,15134,6607.638430025109,100000,146.05803,96,36447,248,619,100000

86,avg-run,10000,true,uniform,READ,68.1,3313.03,1,0,0,0,0,14720,6793.478260869565,100000,141.73025,95,31759,210,581,100000

87,extend,10000,true,uniform,EXTEND,68.3,3335.92,0,0,0,0,1,91832,1088.9450300548829,100000,911.99533,228,1195007,721,1129,100000

87,run,10000,true,uniform,READ,68.2,3317.76,1,0,0,0,0,15177,6588.917440864466,100000,146.3242,96,57375,234,581,100000

87,reference,10000,true,uniform,READ,68.2,3311.82,1,0,0,0,0,6869,14558.159848595138,100000,64.0295,45,36735,89,281,100000

87,clean-run,10000,true,uniform,READ,68.2,3290.98,1,0,0,0,0,15468,6464.959917248513,100000,149.5217,97,34591,291,631,100000

87,avg-run,10000,true,uniform,READ,68.2,3421.73,1,0,0,0,0,14576,6860.59275521405,100000,140.66369,96,37087,206,531,100000

88,extend,10000,true,uniform,EXTEND,68.4,3430.68,0,0,0,0,1,90451,1105.5709721285557,100000,898.10872,230,1430527,715,1076,100000

88,run,10000,true,uniform,READ,68.4,3412.76,1,0,0,0,0,15288,6541.077969649398,100000,147.75253,98,48351,253,586,100000

88,reference,10000,true,uniform,READ,68.4,3406.66,1,0,0,0,0,6854,14590.020426028597,100000,63.99415,45,33439,90,254,100000

88,clean-run,10000,true,uniform,READ,68.4,3422.95,1,0,0,0,0,14882,6719.5269453030505,100000,143.67689,96,35103,239,590,100000

88,avg-run,10000,true,uniform,READ,68.3,3326.33,1,0,0,0,0,14917,6703.7608098143055,100000,143.99637,95,38655,243,594,100000

89,extend,10000,true,uniform,EXTEND,68.6,3342.46,0,0,0,0,1,95599,1046.036046402159,100000,949.46727,230,1165311,732,1133,100000

89,run,10000,true,uniform,READ,68.6,3323.13,1,0,0,0,0,15619,6402.458544080927,100000,151.00656,99,36159,328,617,100000

89,reference,10000,true,uniform,READ,68.6,3316.56,1,0,0,0,0,6853,14592.149423610097,100000,63.99947,45,37535,93,249,100000

89,clean-run,10000,true,uniform,READ,68.5,3325.32,1,0,0,0,0,14858,6730.380939561179,100000,143.39418,98,31903,218,628,100000

89,avg-run,10000,true,uniform,READ,68.5,3506.7,1,0,0,0,0,15568,6423.432682425489,100000,150.59666,96,27503,353,637,100000

90,extend,10000,true,uniform,EXTEND,68.7,3524.53,0,0,0,0,1,98318,1017.1077523952888,100000,977.01202,231,1532927,734,1138,100000

90,run,10000,true,uniform,READ,68.6,3505.86,1,0,0,0,0,14978,6676.458806249166,100000,143.81443,98,24111,199,517,100000

90,reference,10000,true,uniform,READ,68.6,3499.65,1,0,0,0,0,7127,14031.149151115476,100000,66.60348,46,45503,104,278,100000

90,clean-run,10000,true,uniform,READ,71,3516.01,1,0,0,0,0,15824,6319.5146612740145,100000,152.9628,96,33663,315,633,100000

90,avg-run,10000,true,uniform,READ,68.6,3441.16,1,0,0,0,0,15297,6537.229522128522,100000,147.89309,97,34463,320,621,100000

91,extend,10000,true,uniform,EXTEND,68.7,3471.62,0,0,0,0,1,97291,1027.844302145111,100000,966.70127,230,1643519,759,1159,100000

91,run,10000,true,uniform,READ,68.8,3452.65,1,0,0,0,0,14841,6738.0904251735055,100000,143.29152,96,49151,222,547,100000

91,reference,10000,true,uniform,READ,68.8,3445.34,1,0,0,0,0,7084,14116.318464144551,100000,66.25203,46,30495,93,274,100000

91,clean-run,10000,true,uniform,READ,68.7,3478.18,1,0,0,0,0,15775,6339.144215530903,100000,152.39668,98,34495,231,642,100000

91,avg-run,10000,true,uniform,READ,68.7,3559.69,1,0,0,0,0,15270,6548.788474132286,100000,147.49064,97,31327,272,592,100000

92,extend,10000,true,uniform,EXTEND,68.9,3584.77,0,0,0,0,1,93351,1071.2258036871592,100000,927.16798,230,1099775,734,1064,100000

92,run,10000,true,uniform,READ,68.9,3565.82,1,0,0,0,0,15559,6427.148274310688,100000,150.22914,100,58783,218,516,100000

92,reference,10000,true,uniform,READ,68.9,3559.59,1,0,0,0,0,7039,14206.563432305726,100000,65.70067,46,38079,98,247,100000

92,clean-run,10000,true,uniform,READ,68.9,3540.55,1,0,0,0,0,15097,6623.8325495131485,100000,145.56747,99,30687,242,590,100000

92,avg-run,10000,true,uniform,READ,68.9,3545.54,1,0,0,0,0,15325,6525.2854812398045,100000,147.55735,97,38239,239,595,100000

93,extend,10000,true,uniform,EXTEND,69,3566.52,0,0,0,0,1,98166,1018.6826396104558,100000,975.26196,231,1296383,703,1081,100000

93,run,10000,true,uniform,READ,69,3547.72,1,0,0,0,0,15360,6510.416666666667,100000,148.3036,99,48543,231,572,100000

93,reference,10000,true,uniform,READ,69,3541.32,1,0,0,0,0,6797,14712.373105781962,100000,63.4733,45,31183,89,228,100000

93,clean-run,10000,true,uniform,READ,68.9,3565.35,1,0,0,0,0,15703,6368.209896198178,100000,151.80481,97,36863,360,652,100000

93,avg-run,10000,true,uniform,READ,68.9,3644.46,1,0,0,0,0,14893,6714.563889075404,100000,143.52662,100,33119,215,478,100000

94,extend,10000,true,uniform,EXTEND,69.2,3669.31,0,0,0,0,1,88870,1125.2391133115786,100000,882.06254,237,1363967,768,1154,100000

94,run,10000,true,uniform,READ,69.1,3650.55,1,0,0,0,0,15888,6294.058408862034,100000,153.8042,98,44959,281,605,100000

94,reference,10000,true,uniform,READ,69.1,3643.84,1,0,0,0,0,6803,14699.397324709687,100000,63.33634,45,28623,91,271,100000

94,clean-run,10000,true,uniform,READ,69.1,3387.57,1,0,0,0,0,15589,6414.779652318943,100000,150.57839,96,29983,261,602,100000

94,avg-run,10000,true,uniform,READ,69,3279.5,1,0,0,0,0,16146,6193.484454354019,100000,156.2673,98,62751,396,659,100000

95,extend,10000,true,uniform,EXTEND,69.2,3530.7,0,0,0,0,1,96014,1041.5147790947153,100000,953.79885,240,1119231,754,1121,100000

95,run,10000,true,uniform,READ,69.2,3511.63,1,0,0,0,0,15864,6303.580433686334,100000,153.35544,100,30863,288,621,100000

95,reference,10000,true,uniform,READ,69.2,3505.54,1,0,0,0,0,6832,14637.002341920375,100000,63.91264,46,37279,90,272,100000

95,clean-run,10000,true,uniform,READ,69.2,3493.52,1,0,0,0,0,15571,6422.195106287329,100000,150.33954,100,55295,247,611,100000

95,avg-run,10000,true,uniform,READ,69.2,3641.84,1,0,0,0,0,14784,6764.069264069264,100000,142.73989,99,40991,212,505,100000

96,extend,10000,true,uniform,EXTEND,69.3,3675.42,0,0,0,0,1,92512,1080.9408509166378,100000,918.58905,237,1295359,769,1164,100000

96,run,10000,true,uniform,READ,69.3,3656.86,1,0,0,0,0,15293,6538.93938403191,100000,147.95254,99,54687,259,584,100000

96,reference,10000,true,uniform,READ,69.3,3650.3,1,0,0,0,0,7060,14164.305949008498,100000,65.92527,45,28287,109,250,100000

96,clean-run,10000,true,uniform,READ,69.3,3644.88,1,0,0,0,0,16661,6002.040693835904,100000,160.99696,98,29327,375,668,100000

96,avg-run,10000,true,uniform,READ,69.3,3672.3,1,0,0,0,0,15973,6260.564702936204,100000,154.5397,99,37695,327,642,100000

97,extend,10000,true,uniform,EXTEND,69.4,3700.45,0,0,0,0,1,104433,957.5517317323068,100000,1037.90071,236,1729535,748,1161,100000

97,run,10000,true,uniform,READ,69.5,3681.67,1,0,0,0,0,15605,6408.202499198975,100000,150.88208,97,28991,259,587,100000

97,reference,10000,true,uniform,READ,69.5,3675.7,1,0,0,0,0,7041,14202.5280499929,100000,65.88872,46,32495,96,271,100000

97,clean-run,10000,true,uniform,READ,69.3,3674.63,1,0,0,0,0,16238,6158.39389087326,100000,157.13026,101,31471,384,653,100000

97,avg-run,10000,true,uniform,READ,69.3,3577.83,1,0,0,0,0,15958,6266.449429753102,100000,154.35252,98,28143,257,615,100000

98,extend,10000,true,uniform,EXTEND,69.6,3626.06,0,0,0,0,1,105335,949.3520672141264,100000,1046.99956,238,1628159,718,1139,100000

98,run,10000,true,uniform,READ,69.5,3606.99,1,0,0,0,0,16050,6230.529595015576,100000,155.14298,98,36991,265,611,100000

98,reference,10000,true,uniform,READ,69.5,3601.21,1,0,0,0,0,6968,14351.320321469575,100000,64.83923,43,34111,97,261,100000

98,clean-run,10000,true,uniform,READ,69.5,3599.72,1,0,0,0,0,16281,6142.128861863522,100000,157.67217,99,35359,359,671,100000

98,avg-run,10000,true,uniform,READ,69.5,3767.51,1,0,0,0,0,15361,6509.992839007877,100000,148.42786,100,35103,250,528,100000

99,extend,10000,true,uniform,EXTEND,69.6,3791.02,0,0,0,0,1,97553,1025.083800600699,100000,969.05746,242,1495039,798,1233,100000

99,run,10000,true,uniform,READ,69.6,3772.41,1,0,0,0,0,16040,6234.413965087282,100000,155.06015,99,38111,307,640,100000

99,reference,10000,true,uniform,READ,69.6,3766.11,1,0,0,0,0,6941,14407.145944388416,100000,64.76601,45,30575,91,253,100000

99,clean-run,10000,true,uniform,READ,69.6,3755.34,1,0,0,0,0,15917,6282.590940503864,100000,153.78228,99,33823,260,649,100000

99,avg-run,10000,true,uniform,READ,69.5,3774.28,1,0,0,0,0,16098,6211.951795254069,100000,155.97565,96,32367,387,649,100000

100,extend,10000,true,uniform,EXTEND,69.7,3796.3,0,0,0,0,1,107086,933.8288851950769,100000,1064.68641,242,1655807,750,1199,100000

100,run,10000,true,uniform,READ,69.7,3777.68,1,0,0,0,0,15932,6276.675872457946,100000,154.29895,99,35775,300,614,100000

100,reference,10000,true,uniform,READ,69.7,3770.88,1,0,0,0,0,6867,14562.3998835008,100000,63.95867,45,30079,88,267,100000

100,clean-run,10000,true,uniform,READ,69.7,3787.65,1,0,0,0,0,16348,6116.956202593589,100000,157.92931,99,34111,392,659,100000

100,avg-run,10000,true,uniform,READ,69.7,3729.64,1,0,0,0,0,16394,6099.79260705136,100000,158.6108,103,26143,400,653,100000

